﻿Spotify ID,Artist IDs,Track Name,Album Name,Artist Name(s),Release Date,Duration (ms),Popularity,Added By,Added At,Genres,Danceability,Energy,Key,Loudness,Mode,Speechiness,Acousticness,Instrumentalness,Liveness,Valence,Tempo,Time Signature
2EZbRSf8OVdFvtQY4QDv6O,"64d1rUxfizSAOE9UbMnUZd","Kaybolan Yıllar","Serçe","Sezen Aksu",1978-07-01,187653,72,spotify:user:31ihueikmm6mapjr72mnieyswj24,2024-01-06T13:33:49Z,"turkish pop",0.304,0.659,7,-6.091,0,0.0347,0.0286,0.0000146,0.189,0.599,113.021,4
78MI7mu1LV1k4IA2HzKmHe,"5V0MlUE1Bft0mbLlND7FJz,19eLuQmk9aCobbVDHc6eek","Dream A Little Dream Of Me - Single Version","Love, Ella","Ella Fitzgerald,Louis Armstrong",2007-05-03,185160,69,spotify:user:31ihueikmm6mapjr72mnieyswj24,2024-01-06T13:34:20Z,"adult standards,jazz,jazz blues,soul,swing,vocal jazz,dixieland,harlem renaissance,jazz trumpet,new orleans jazz",0.443,0.104,0,-17.042,1,0.101,0.913,0,0.191,0.394,76.497,4
44LYmTNbX7qlwSHcCxWBP2,"4cMwyqmHCwJjRZ3frIVHTr","Tutamıyorum Zamanı","Sandık","Müslüm Gürses",2009-02-09,267679,65,spotify:user:31ihueikmm6mapjr72mnieyswj24,2024-01-06T13:34:24Z,"arabesk",0.655,0.716,9,-4.965,0,0.0362,0.406,0,0.115,0.667,119.965,4
5ZOeN08jw7d7kpVOjlQEqs,"4cMwyqmHCwJjRZ3frIVHTr","Sigara","Yalan Dünya","Müslüm Gürses",2010-11-08,311240,63,spotify:user:31ihueikmm6mapjr72mnieyswj24,2024-01-06T13:34:27Z,"arabesk",0.5,0.74,6,-5.517,0,0.0588,0.393,0.0067,0.345,0.629,79.839,4
4cHrCNJTdMfbtY0fjc5ged,"4cMwyqmHCwJjRZ3frIVHTr","Nilüfer","Aşk Tesadüfleri Sever (Mucize ve Buluşma)","Müslüm Gürses",2006-04-19,258159,70,spotify:user:31ihueikmm6mapjr72mnieyswj24,2024-01-06T13:34:31Z,"arabesk",0.456,0.752,11,-7.366,0,0.0462,0.0404,0.0000111,0.201,0.302,150.027,4
0KfwsodIzlRNfjDcMMd5UP,"3eVuump9qyK0YCQQo4mKbc","Gül Pembe","Mançoloji, Vol. 1","Barış Manço",1999-02-23,308349,59,spotify:user:31ihueikmm6mapjr72mnieyswj24,2024-01-06T13:34:34Z,"anadolu rock,turkish instrumental,turkish psych,turkish rock",0.512,0.319,4,-10.944,0,0.0284,0.835,0.00000223,0.109,0.256,75.027,4
2jJ6AzAPK3vlzP9LLytnTz,"4IoKTSnBx1KFpg2en629fw","Kulakların Çınlasın","Sonbahar Rüzgârları","Handan Kara",2021-04-16,228044,36,spotify:user:31ihueikmm6mapjr72mnieyswj24,2024-01-06T13:34:36Z,"classic turkish pop",0.303,0.625,2,-3.759,0,0.0315,0.771,0.0000232,0.104,0.528,108.405,4
3yYfoYGVpriV4fG9L1ogsD,"19eLuQmk9aCobbVDHc6eek","La vie en rose - Single Version","Highlights From His Decca Years","Louis Armstrong",1994-01-01,206333,53,spotify:user:31ihueikmm6mapjr72mnieyswj24,2024-01-06T13:34:39Z,"adult standards,dixieland,harlem renaissance,jazz trumpet,new orleans jazz,soul,swing,vocal jazz",0.558,0.123,0,-10.396,1,0.0525,0.809,0.00121,0.0916,0.341,70.16,4
3N3n30xNwgzmcVkxsGVoaX,"78WaEUeSjw3KIq1YVb4ROk,5zcfMCanOQAx92n9sICtNJ","Bir Çapkına Yangınım","Mazi Kalbimde Bir Yaradır","Incesaz,Dilek Türkan",2005-12-14,184923,42,spotify:user:31ihueikmm6mapjr72mnieyswj24,2024-01-06T13:34:42Z,"turkish folk,turkish jazz,turkish rock,turk sanat muzigi",0.651,0.428,4,-8.639,0,0.0452,0.717,0.00000408,0.127,0.292,116.023,4
0UB9JiWD415ZYGbwpOXDTH,"2ATeZCBx5birAzuDYKrwal","Gel Desen Gelemem Ki","Gel Desen Gelemem Ki","Yaşar Güvenir",2014-11-26,245016,47,spotify:user:31ihueikmm6mapjr72mnieyswj24,2024-01-06T13:34:45Z,"classic turkish pop",0.3,0.221,6,-14.684,0,0.036,0.749,0.0000495,0.155,0.417,82.153,3
6sOTwzUE73fU6OFNRtYDi3,"7o8wIiSHxNMlXrtR1OWPH0","Hatıralar","Mirkelam","Mirkelam",1995-05-22,276733,46,spotify:user:31ihueikmm6mapjr72mnieyswj24,2024-01-06T13:34:50Z,"turkish pop",0.582,0.186,7,-14.387,1,0.0294,0.698,0,0.107,0.612,103.095,4
420r2ThUlYHOD7vSFdGJUv,"3vrYOJi3MpaaXzE7q4CKYy","Ada Sahillerinde Bekliyorum","İstanbul Türküleri, Vol. 1 (Bir Şarkıdır Yaşamak)","Çağdaş Suseven",2010-07-07,179893,38,spotify:user:31ihueikmm6mapjr72mnieyswj24,2024-01-06T13:34:52Z,"turk sanat muzigi",0.199,0.432,7,-7.567,1,0.0335,0.908,0.000597,0.367,0.536,82.885,4
2vJdnmEjutD1q2uRIcRVmi,"6z92GkID2xzYJi58vlRqM3","Olacak O Kadar","Ankara'dan Abim Geldi","Grup Gündoğarken",1993-05-03,196115,33,spotify:user:31ihueikmm6mapjr72mnieyswj24,2024-01-06T13:34:54Z,"",0.748,0.464,2,-16.973,0,0.0325,0.0815,0,0.0732,0.962,131.64,5
4IW6dceg25kuWOsqvh3mDR,"49cht9n59NXoBFK1gIolXJ","Bağrı Yanık Dostlara","Bir Zamanlar Özel, Vol. 2","Asu Maralman",2011-04-05,312600,52,spotify:user:31ihueikmm6mapjr72mnieyswj24,2024-01-06T13:34:57Z,"anadolu rock,classic turkish pop,turkish psych",0.608,0.513,5,-7.771,0,0.0831,0.569,0.000884,0.0762,0.664,81.777,4
7859Rvo6wXeImidBRL2dUZ,"2IiSMrjpXiteqhISWXkdUG","Padişah","Bu Devirde","Sibel Can",1997-06-23,232160,64,spotify:user:31ihueikmm6mapjr72mnieyswj24,2024-01-06T13:34:59Z,"arabesk,turkish folk,turkish pop",0.551,0.805,5,-5.266,0,0.0629,0.733,0,0.342,0.884,175.38,4
7eqNATKM78MkWP6aHGXHEV,"7ceUfdWq2t5nbatS6ollHh","Put Your Head on My Shoulder","Sings His Favorites","Paul Anka",1966,155080,62,spotify:user:31ihueikmm6mapjr72mnieyswj24,2024-01-06T13:35:02Z,"adult standards,canadian pop,easy listening,rock-and-roll",0.549,0.433,7,-8.526,1,0.0327,0.906,0.0108,0.0774,0.486,116.068,3
67fFApZyHZ9LjsvkUQJShY,"1AwO9pWEBSBoWdEZu28XDC","Let's Do It","That Bad Eartha","Eartha Kitt",1957,185466,56,spotify:user:31ihueikmm6mapjr72mnieyswj24,2024-01-06T13:35:04Z,"torch song,vocal jazz",0.653,0.0518,8,-19.594,1,0.0359,0.874,0.00000194,0.242,0.426,96.591,4
4DsjiElZzrVRJZv1nFoqV8,"3eVuump9qyK0YCQQo4mKbc","Kol Düğmeleri","Hal Hal","Barış Manço",1989-12-22,254832,43,spotify:user:31ihueikmm6mapjr72mnieyswj24,2024-01-06T13:35:07Z,"anadolu rock,turkish instrumental,turkish psych,turkish rock",0.257,0.193,0,-18.953,0,0.032,0.761,0.000304,0.0621,0.171,78.461,3
371nNwFetX7GVB7Po7Z1nu,"3mPO8DNAJDCf6YmuRMcAgz","Seninle Bir Dakika","Seninle Bir Dakika / Mutlu Olmak İstiyorsan","Semiha Yankı",1975-04-01,175442,48,spotify:user:31ihueikmm6mapjr72mnieyswj24,2024-01-06T13:35:10Z,"classic turkish pop",0.392,0.615,5,-6.403,0,0.0485,0.836,0.000143,0.213,0.348,91.999,4
4zsqpelNggvzfiwXyQtszX,"2bZXmEbQuj9XcGwgyIGuit","Anladımki Dolmamış Çilem","Bir Sır Gibi","Ferdi Özbeğen",1986,187373,23,spotify:user:31ihueikmm6mapjr72mnieyswj24,2024-01-06T13:35:13Z,"classic turkish pop,uyghur pop",0.459,0.66,5,-7.295,1,0.0334,0.556,0.00169,0.427,0.71,111.717,4
2vNBnakHnWofR0F4QbADK1,"0fBEgrLBNZC4LUvb2oO4I4","Aşığınım","Sevdiklerinizle Fedon","Fedon",2000-01-01,170292,5,spotify:user:31ihueikmm6mapjr72mnieyswj24,2024-01-06T13:35:15Z,"classic turkish pop",0.666,0.674,9,-5.302,0,0.0261,0.734,0.00000156,0.094,0.614,97.833,4
3jBSjdqvm51KzNwx2nkinX,"6PNzOVat5l7NQQC4lqY2Fo","Gidersen","Uyan","Jehan Barbur",2009-01-14,190480,46,spotify:user:31ihueikmm6mapjr72mnieyswj24,2024-01-06T13:35:17Z,"turkish jazz,turkish rock,turkish singer-songwriter",0.657,0.238,1,-10.288,0,0.0301,0.691,0.0000251,0.101,0.243,107.341,4
06A1dT4mvCNONx9jeMs7KU,"2c3QSjXlvmSEHsaosjFmd1","Samanyolu","Bir Zamanlar, Vol. 2","Berkant",2006-01-06,223866,46,spotify:user:31ihueikmm6mapjr72mnieyswj24,2024-01-06T13:35:20Z,"classic turkish pop",0.207,0.497,10,-9.401,1,0.0404,0.973,0.00308,0.0972,0.409,174.349,3
6svlQguO253HmawAGIT96l,"0JjXkSy0UJMEqZKwSPjG4n","Aşk Bitmesin","Çal Çingene Çal / Aşk Bitmesin","Ay-feri",2013-02-28,155527,21,spotify:user:31ihueikmm6mapjr72mnieyswj24,2024-01-12T09:25:27Z,"classic turkish pop",0.375,0.487,8,-8.477,1,0.0371,0.648,0,0.375,0.401,121.321,4
0oUBuOO4g9P4lREqfqR5nq,"17XXKfRBMCWvLrqGoNkJXm","A Man Without Love","A Man Without Love","Engelbert Humperdinck",1968-08-03,203133,72,spotify:user:31ihueikmm6mapjr72mnieyswj24,2024-01-12T09:25:30Z,"adult standards,easy listening",0.538,0.467,2,-9.589,1,0.0327,0.637,0,0.115,0.507,111.766,4
5soqKuAHUbPcoRKuv1YEVL,"5pKOCtPDoRLKjR3ZJlI74u","Hayat Bayram Olsa","Faka Bastın","Emel Müftüoğlu",1992-12-10,185533,24,spotify:user:31ihueikmm6mapjr72mnieyswj24,2024-01-12T09:25:33Z,"turkish pop",0.753,0.442,9,-18.629,1,0.046,0.171,0.00000101,0.0799,0.793,132.853,4
5ogI17YppHAaBZlzitwyxE,"64d1rUxfizSAOE9UbMnUZd","Biliyorsun","Ağlamak Güzeldir","Sezen Aksu",1981-01-01,316306,72,spotify:user:31ihueikmm6mapjr72mnieyswj24,2024-01-12T09:25:37Z,"turkish pop",0.446,0.546,10,-7.022,0,0.045,0.466,0.0000154,0.193,0.376,125.961,3
1Pd3EASeP8JwbySp3cjN1H,"3OVWvBHwlq5w8iRJEBoCp2","Medcezir","Med Cezir","Levent Yüksel",1993-05-14,273920,60,spotify:user:31ihueikmm6mapjr72mnieyswj24,2024-01-12T09:25:41Z,"turkish pop",0.697,0.286,2,-14.804,1,0.0377,0.587,0.00000595,0.0871,0.428,80.14,4
77rzHYhfkehnru5Sa3zbon,"2bZXmEbQuj9XcGwgyIGuit","Gündüzüm Seninle","Bir Sır Gibi","Ferdi Özbeğen",1986,243146,58,spotify:user:31ihueikmm6mapjr72mnieyswj24,2024-01-12T09:25:43Z,"classic turkish pop,uyghur pop",0.371,0.499,9,-9.391,0,0.0373,0.759,0.000096,0.372,0.366,143.493,4
2Rc0tYR87VyYIo974CRDEd,"26N9gsTTQrBXCSWjU7RFmT","Ağlama Değmez Hayat","Yeşilçam Şarkıları Vol. 1 - Aşkın Kanunu","Güzide Kasacı",2006-06-14,188778,32,spotify:user:31ihueikmm6mapjr72mnieyswj24,2024-01-12T09:25:45Z,"classic turkish pop",0.474,0.335,9,-10.564,1,0.0374,0.929,0.00000165,0.19,0.514,114.822,4
7GVUmCP00eSsqc4tzj1sDD,"0w7HLMvZOHatWVbAKee1zF","Come and Get Your Love - Single Version","Come and Get Your Love","Redbone",1973-11-01,205933,80,spotify:user:31ihueikmm6mapjr72mnieyswj24,2024-01-12T09:25:47Z,"native american contemporary,native american traditional",0.731,0.804,11,-7.621,0,0.0473,0.172,0.00028,0.0685,0.957,107.383,4
1jXdLEbRws9wtzUzkGMGNY,"7KVIZplHlqnvESsbuFQOnM","Duydum Ki Unutmuşsun","Assolistler-Solistler Geçidi, Vol. 1","Emel Sayın",2006-10-10,221746,56,spotify:user:31ihueikmm6mapjr72mnieyswj24,2024-01-12T09:25:50Z,"arabesk,turk sanat muzigi,turkish folk,turkish pop",0.255,0.305,4,-11.132,0,0.039,0.909,0.000434,0.127,0.428,177.186,3
4MH5lh1VQZfAXWFJFmPnKB,"1XZNZT3xecy9Wt5LtMOJVk","Vazgeç Gönül","Yolun Açık Ola","Zeynep Dizdar",1997-10-22,288773,55,spotify:user:31ihueikmm6mapjr72mnieyswj24,2024-01-12T09:26:20Z,"turkish pop",0.528,0.403,9,-10.816,0,0.0286,0.8,0.0000249,0.146,0.291,109.964,4
28JGcNGwwQmTNiUCjOS0a0,"2W7XXCTt52oVaUG63iOmLh","Para Parra Parrra","Para Parra Parrra","Rüçhan Çamay",1975-05-08,203128,34,spotify:user:31ihueikmm6mapjr72mnieyswj24,2024-01-12T09:26:22Z,"classic turkish pop",0.659,0.54,2,-11.211,1,0.28,0.513,0,0.139,0.738,114.542,4
4tWB8hJIAfjsJFSqRdfAVR,"4uIGU1mY4tCjIWAJ0jqFSC","Seven Ne Yapmaz","Yeşilçam Şarkıları Vol. 2 - Artık Sevmeyeceğim","Esin Engin",2006-06-14,201502,0,spotify:user:31ihueikmm6mapjr72mnieyswj24,2024-01-12T09:26:25Z,"classic turkish pop",0.227,0.492,8,-9.4,1,0.0452,0.849,0.0658,0.0902,0.424,182.635,3
1vgK0H5a0wGMhnDOoUu0lH,"4li4dx5mFgZlMVeHlARBHP","Gitme Kal Bu Şehirde","Bir Hadise Var","Nazan Öncel",1992,297533,59,spotify:user:31ihueikmm6mapjr72mnieyswj24,2024-01-12T09:26:28Z,"turkish instrumental,turkish pop,turkish singer-songwriter",0.444,0.324,11,-18.183,0,0.0482,0.194,0,0.0667,0.471,190.971,4
6l4H6p8ZIj0j0bdH5CMzr4,"5UNzYWTYkESx4sHCbVJRvG","Böyle Gelmiş Böyle Geçer Dünya","Böyle Gelmiş Böyle Geçer Dünya","Gönül Akkor",1969-05-20,178256,46,spotify:user:31ihueikmm6mapjr72mnieyswj24,2024-01-12T09:26:31Z,"classic turkish pop,turk sanat muzigi",0.68,0.656,5,-6.993,0,0.0362,0.244,0,0.257,0.963,89.984,4
5Ox8yqAfQvNwaDoGlkU2al,"6dytXiJkoMMHccOb6PiOqo","Gençlik Başımda Duman","En İyileriyle Güzin ile Baha","Güzin İle Baha",1975,173520,53,spotify:user:31ihueikmm6mapjr72mnieyswj24,2024-01-12T09:26:33Z,"classic turkish pop,turkish psych",0.583,0.606,5,-10.137,0,0.114,0.775,0.000276,0.16,0.967,121.024,4
2e2A8cnfqevTTYdlvK0phd,"4li4dx5mFgZlMVeHlARBHP","Aşık Değilim Olabilirim","Bir Hadise Var","Nazan Öncel",1992,175666,50,spotify:user:31ihueikmm6mapjr72mnieyswj24,2024-01-12T09:26:35Z,"turkish instrumental,turkish pop,turkish singer-songwriter",0.739,0.661,9,-16.921,0,0.0388,0.15,0,0.0668,0.938,101.746,4
6BszTUA0tsKW5vuHoHQMVA,"3ABivHBm6ULD624ig1lgOg","Memleketim","Ayten Alpman Klasikleri (Türk Pop Tarihi)","Ayten Alpman",1999,167733,50,spotify:user:31ihueikmm6mapjr72mnieyswj24,2024-01-12T09:26:37Z,"classic turkish pop,turkish jazz,turkish modern jazz",0.333,0.307,2,-9.585,0,0.0297,0.905,0,0.154,0.534,168.87,4
16lEsvxixdya2XQ9E7Xp8n,"39rtUmVAGX9W1e2aXE9YkF","İstanbul'un Kızları","Dario Moreno'suz 40 Yıl","Dario Moreno",2008-03-04,191906,34,spotify:user:31ihueikmm6mapjr72mnieyswj24,2024-01-12T09:26:39Z,"classic turkish pop",0.463,0.641,8,-8.064,1,0.0454,0.612,0.00612,0.823,0.708,106.156,4
7uCiFDngUzeL24VOyLovby,"52ZUYpWgLZaJJDEum4P2KH","İşte Hayat (Sensiz de Yaşanıyor)","Işık ve Sevgiyle 30 Yıl","İlhan İrem",2004,250333,44,spotify:user:31ihueikmm6mapjr72mnieyswj24,2024-01-12T09:26:41Z,"classic turkish pop,turkish folk,turkish jazz,turkish rock",0.484,0.813,4,-7.252,1,0.0609,0.0116,0,0.139,0.8,121.327,4
33bLBhv2bDmtylcPSwEd41,"74VZuXJwRTaBExjMhYBYi4","Sevmeden Kimse Seni","Aşkımızı Çalan Kim","Ayla Dikmen",1989-04-15,142918,40,spotify:user:31ihueikmm6mapjr72mnieyswj24,2024-01-12T09:26:44Z,"classic turkish pop",0.54,0.58,7,-11.719,0,0.0349,0.952,0.452,0.385,0.87,122.361,3
7qP8QUB0XDbiER6nGu7Qr8,"5Oo6D3FLRpWjgBn0mqfiA3","Telli Telli","Yeni Türkü Koleksiyon","Yeni Türkü",2016-12-19,164626,38,spotify:user:31ihueikmm6mapjr72mnieyswj24,2024-01-12T09:26:46Z,"turkish folk,turkish jazz,turkish rock",0.684,0.316,7,-14.415,0,0.0295,0.402,0,0.0798,0.861,103.116,4
3N6KXEEfkw6flkY2P8YGyT,"2TGC73pOQvqpbwxQcCTBho","Karlar Düşer","Dağ Çiçeği","Akrep Nalan",1991-08-26,258733,41,spotify:user:31ihueikmm6mapjr72mnieyswj24,2024-01-12T09:26:48Z,"classic turkish pop",0.681,0.469,7,-14.107,1,0.0447,0.185,0.0000502,0.13,0.528,137.698,4
0bgS6P0efj0orxfwA7LYKE,"5vuQpKX1QG7WlQ40C27HfD","Senden Vazgeçemem","Yeşilçam Şarkıları Vol. 1 - Aşkın Kanunu","Semiramis Pekkan",2006-06-14,157384,46,spotify:user:31ihueikmm6mapjr72mnieyswj24,2024-01-12T09:26:50Z,"classic turkish pop",0.607,0.546,9,-9.515,0,0.0442,0.931,0.0291,0.474,0.964,143.032,5
7Beeb1AZSs6YQuAeifdX0n,"5vuQpKX1QG7WlQ40C27HfD","Bana Yalan Söylediler","Bana Yalan Söylediler / Unuttu Unuttu","Semiramis Pekkan",1974-07-04,238653,57,spotify:user:31ihueikmm6mapjr72mnieyswj24,2024-01-12T09:26:52Z,"classic turkish pop",0.309,0.606,3,-10.544,0,0.0771,0.728,0.00943,0.754,0.449,83.6,4
0OhYmvzNF3dVdNp3xPBAOv,"5lGa3BMsmlltlhUu9t8cXx","Aşk Dediğin Laftır","Aşk Dediğin Laftır","Gökben",1976-02-07,142388,47,spotify:user:31ihueikmm6mapjr72mnieyswj24,2024-01-12T09:26:55Z,"classic turkish pop",0.689,0.873,7,-3.853,0,0.19,0.422,0,0.11,0.965,105.983,4
1bfOS7LE2C6AIgMh3nBbPS,"4QmOuXOA58tfYJPqR34Is4","Bir Gün Beni Ararsan","Bak Bir Varmış Bir Yokmuş, Vol. 3","Attila Atasoy",2005-02-15,220400,36,spotify:user:31ihueikmm6mapjr72mnieyswj24,2024-01-12T09:26:57Z,"classic turkish pop",0.466,0.422,9,-9.905,0,0.0585,0.551,0.00000105,0.116,0.367,100.158,3
5FKs8sGM73WD9Hc38rWuu0,"2d9VfAdWCZaTpjBsi6UKZe","Vakit Yok Gemi Kalkıyor","En İyileriyle Metin Ersoy","Metin Ersoy",1970,120373,35,spotify:user:31ihueikmm6mapjr72mnieyswj24,2024-01-12T09:26:59Z,"classic turkish pop",0.547,0.59,5,-6.65,0,0.0434,0.446,0.00000109,0.119,0.959,81.426,4
3CmtGSvMqCU0Phn6sEmclB,"6WDnC2nx6hEPdtcU2LLGtE","Düşler Sokağı","Oyun","Ezginin Günlügü",1994-08-12,277866,54,spotify:user:31ihueikmm6mapjr72mnieyswj24,2024-01-12T09:27:01Z,"azeri traditional,classic azeri pop,turkish alternative,turkish alternative rock,turkish folk,turkish jazz",0.666,0.454,7,-14.869,0,0.0321,0.453,0.000016,0.101,0.803,92.058,4
6tBnJ9az5YT1YosmQ5H1nM,"7x1sEYcPJvLBwweGlIcapC","Bir Efsane","Dünden Bugüne Hakan Peker","Hakan Peker",1998-07-01,218775,52,spotify:user:31ihueikmm6mapjr72mnieyswj24,2024-01-12T09:27:04Z,"turkish pop",0.778,0.918,10,-3.459,0,0.113,0.45,0,0.0999,0.93,118.957,4
5R0fW2z66iCnCbfPT8vjo4,"7gRRZAHgMJG59GzuU2eKah","Kıskanıyorum","Yeşilçam Şarkıları Vol. 3 - Yıldızların Altında","İnci Çayırlı",2007-04-19,225512,42,spotify:user:31ihueikmm6mapjr72mnieyswj24,2024-01-12T09:27:06Z,"classic turkish pop,turk sanat muzigi",0.284,0.485,2,-8.601,0,0.0344,0.91,0.000445,0.4,0.477,82.09,3
5S5GrvMjoup87vV4sORTVb,"5L7Hl11e6LAeNWfvs5siH4,3JfDOKDXkrtMc2S4mX1KJC","Her Şey Bitmedi Bitemez","Biz Sizin Şarkılarınızla Büyüdük","Rana Alagöz,Selçuk Alagöz",2009-02-05,184786,49,spotify:user:31ihueikmm6mapjr72mnieyswj24,2024-01-12T09:27:07Z,"anadolu rock,classic turkish pop,turkish psych",0.348,0.727,1,-6.782,1,0.38,0.257,0,0.162,0.648,185.076,3
4BM8yJ0PzBi2ZewpMTOxtx,"0LcJLqbBmaGUft1e9Mm8HV","Fernando","Arrival","ABBA",1976,252960,73,spotify:user:31ihueikmm6mapjr72mnieyswj24,2024-01-12T09:27:09Z,"europop,swedish pop",0.354,0.535,9,-8.876,1,0.0303,0.627,0.0000029,0.0808,0.434,110.821,4
0zLhtDb5qftpfQRknw5XIl,"1lIbZfJvMQRqzhtCQsg5EI","Bindik Bir Alamete Gideyoz Kıyamete","Bindik Bir Alamete","Cem Karaca",1999,213054,48,spotify:user:31ihueikmm6mapjr72mnieyswj24,2024-01-12T09:27:12Z,"anadolu rock,karadeniz turkuleri,turkish psych,turkish rock",0.676,0.906,10,-6.891,1,0.0695,0.00789,0,0.343,0.659,130.05,4
4xm2RpQtpFVlPlO1v4BrBr,"4M1FpEWs2PeYfJe7xxJfhH","The Great Pretender","Messenger Of The Gods: The Singles Collection","Freddie Mercury",2016-09-02,206573,5,spotify:user:31ihueikmm6mapjr72mnieyswj24,2024-01-12T09:27:14Z,"glam rock",0.294,0.509,7,-8.138,1,0.0336,0.191,0,0.177,0.26,110.949,4
2ozTcQyZQmm9tSmc4VZfwU,"5N6GwJzOcOY5kv8p0NjhYL","Laughter In The Rain","The Definitive Collection","Neil Sedaka",2007-04-24,170066,68,spotify:user:31ihueikmm6mapjr72mnieyswj24,2024-01-12T09:27:16Z,"adult standards,brill building pop,bubblegum pop,easy listening,rockabilly,soft rock",0.495,0.613,5,-9.463,1,0.0239,0.348,0.0058,0.0406,0.924,100.535,4
7pxLdHzMSmGlp7GTpO3b1j,"1lIbZfJvMQRqzhtCQsg5EI","Ceviz Ağacı","Merhaba Gençler","Cem Karaca",1987,349160,58,spotify:user:31ihueikmm6mapjr72mnieyswj24,2024-01-12T09:27:19Z,"anadolu rock,karadeniz turkuleri,turkish psych,turkish rock",0.555,0.896,9,-8.561,0,0.135,0.483,0,0.339,0.923,135.566,4
2t1hlABjJWI9oiEdpCPWkv,"5dMPhj9s9v91MpdGNpInLy","Dinleyiverin Gari","Moğollar Best Of / 1968-2000","Moğollar",2000-03-03,266135,46,spotify:user:31ihueikmm6mapjr72mnieyswj24,2024-01-12T09:27:21Z,"anadolu rock,turkish rock",0.776,0.638,11,-10.865,1,0.0621,0.152,0.0000012,0.0597,0.903,118.042,4
1oImu3Qu0gxpJJ1PJEIkye,"1Y2FwScblyMxpLTrNdfwyU","Bu Gala Daşlı Gala","Yorgun Demokrat","Ahmet Kaya",1987,192261,50,spotify:user:31ihueikmm6mapjr72mnieyswj24,2024-01-12T09:27:23Z,"",0.696,0.34,10,-19.292,0,0.0422,0.616,0.00000385,0.0862,0.809,121.683,4
0YFocHKmrMme7Isel5ImCb,"6fFpDTKIIZJGSv07b6nQfj","Dilemma","Dilemma","Lil Flop",2019-11-29,288623,33,spotify:user:31ihueikmm6mapjr72mnieyswj24,2024-01-12T09:27:25Z,"",0.647,0.768,0,-6.662,1,0.0877,0.168,0,0.121,0.623,167.887,4
6B44LtnCaupOCxxX9lumWy,"4rdzq7ZSBhV3ohvGC64FFZ","Aynalar","Aynalar","Salim Dündar",2015,210933,0,spotify:user:31ihueikmm6mapjr72mnieyswj24,2024-01-12T09:27:28Z,"classic turkish pop",0.337,0.481,11,-8.861,0,0.0354,0.841,0.0058,0.448,0.267,129.344,3
6oRdeY9FOgaaf3tGpWSGRR,"0oFiWQjHNvksJlD0aWzBZM,2Nuim4niyKEYZS61asHVS4","Aldırma Gönül Aldırma","Aldırma Gönül Aldırma","Edip Akbayram,Dostlar",2017-01-16,288500,0,spotify:user:31ihueikmm6mapjr72mnieyswj24,2024-01-12T09:27:32Z,"anadolu rock,arabesk,turkish folk,turkish psych",0.393,0.486,8,-15.114,1,0.0707,0.951,0.00352,0.11,0.577,80.514,4
3Ik15PT6UyMJ4QGWIFgUa5,"5Mi0CfVFTACW7wclXpIA6G","Dudaklarımda Şarkısın","Elele / Dudaklarımda Şarkısın","Erol Büyükburç",1974-05-15,245923,0,spotify:user:31ihueikmm6mapjr72mnieyswj24,2024-01-12T09:27:34Z,"classic turkish pop,turkish psych",0.299,0.514,10,-7.98,0,0.0442,0.309,0.00000124,0.0829,0.467,70.665,4
341vTlAYnl3etG1nc1xc78,"3JErydfv224AU6dtAItxWG","Arkadaşımın Aşkısın","Arkadaşımın Aşkısın","Juanito",2015-04-13,197416,0,spotify:user:31ihueikmm6mapjr72mnieyswj24,2024-01-12T09:27:35Z,"classic turkish pop",0.326,0.46,5,-8.417,0,0.0376,0.453,0,0.369,0.629,86.155,4
52JtovKjp9UFj8BrnQ3ZWJ,"4cuKvPTMHl5NwNjdukeWYb","Aşkı Bulacaksın","Bir Zamanlar (Best Of)","Tanju Okan",1999-08-13,279733,47,spotify:user:31ihueikmm6mapjr72mnieyswj24,2024-01-12T09:27:37Z,"classic turkish pop,turkish jazz,turkish rock",0.613,0.787,10,-4.449,1,0.0463,0.194,0,0.283,0.86,110.214,4
5bLMRfxnxk6oDflwWqXTAL,"3E2lHRV6WfUemnxBu8C8Rw","Üzüntüyü Bırak Yaşamaya Bak","Odeon Yılları","Gönül Turgut",2008-01-25,202946,0,spotify:user:31ihueikmm6mapjr72mnieyswj24,2024-01-12T09:27:43Z,"classic turkish pop",0.251,0.539,5,-6.669,0,0.0313,0.902,0.000117,0.583,0.507,98.262,4
294JL3Xexu3sVRH9tpn60G,"5L7Hl11e6LAeNWfvs5siH4,3JfDOKDXkrtMc2S4mX1KJC","Aşkın Gözü Kör Mü","Biz Sizin Şarkılarınızla Büyüdük","Rana Alagöz,Selçuk Alagöz",2009-02-05,210560,51,spotify:user:31ihueikmm6mapjr72mnieyswj24,2024-01-12T09:27:47Z,"anadolu rock,classic turkish pop,turkish psych",0.477,0.789,4,-5.426,0,0.0699,0.537,0,0.325,0.856,87.798,4
3ptSYzMMPk8kRxCfxha7dQ,"2Cusk8DpjH8r3BDvuN3ufo","Nikah Masası","Nostalji","Ümit Besen",1998-06-05,289666,0,spotify:user:31ihueikmm6mapjr72mnieyswj24,2024-01-12T09:27:49Z,"arabesk,turkish folk",0.573,0.621,0,-12.466,0,0.0516,0.46,0.00000197,0.158,0.628,88.035,4
2Ejiv4HRKNxb76jt0FxCl1,"4o3Nv2BAyoZkyGaRXv4rT3","Çöpçüler","Çöpçüler / Ceylan / Dünden Esintiler, Vol.2","Erkin Koray",1993-07-27,239266,57,spotify:user:31ihueikmm6mapjr72mnieyswj24,2024-01-12T09:27:50Z,"anadolu rock",0.469,0.486,9,-15.076,0,0.0427,0.149,0.0000121,0.123,0.595,130.737,4
0YED4pCW0UsmwAmdSebTUQ,"4o3Nv2BAyoZkyGaRXv4rT3","Öyle Bir Geçer","Dünden Esintiler / Benden Sana, Vol.4","Erkin Koray",1993-08-27,340776,44,spotify:user:31ihueikmm6mapjr72mnieyswj24,2024-01-12T09:27:52Z,"anadolu rock",0.533,0.632,5,-7.707,0,0.0304,0.51,0.000428,0.308,0.535,121.845,4
4jME5W43jhEiYqUNOmzMoa,"3eVuump9qyK0YCQQo4mKbc","Alla Beni Pulla Beni","Sözüm Meclisten Dışarı","Barış Manço",1991-12-03,247000,0,spotify:user:31ihueikmm6mapjr72mnieyswj24,2024-01-12T09:27:53Z,"anadolu rock,turkish instrumental,turkish psych,turkish rock",0.478,0.579,7,-14.609,0,0.0979,0.385,0,0.471,0.912,166.848,4
3YOZ4gInjHlcDALMQqhKCF,"2bZXmEbQuj9XcGwgyIGuit","Yok Yok Yalan Deme","Bak Bir Varmış Bir Yokmuş, Vol. 4","Ferdi Özbeğen",2006-07-31,245040,42,spotify:user:31ihueikmm6mapjr72mnieyswj24,2024-01-12T09:27:55Z,"classic turkish pop,uyghur pop",0.539,0.499,5,-9.441,0,0.0308,0.173,0.000298,0.604,0.552,98.669,4
3EyhPwd3aSx0foRiUSJ0i6,"52S9QMQQA2k0LjtELttOVQ","Ya Evde Yoksan","Ya Evde Yoksan / Seni Arıyorum","Orhan Gencebay",1989-01-17,276933,43,spotify:user:31ihueikmm6mapjr72mnieyswj24,2024-01-12T09:27:57Z,"arabesk,turkish folk,turkish psych",0.524,0.37,1,-14.946,1,0.1,0.417,0.0000107,0.161,0.176,144.03,4
6JbMgZ9mnzrNED37mex0ag,"59bYzaay1pdqFIJ42j0vf9","Bu Kalp Seni Unutur mu?","Bu Kalp Seni Unutur Mu?","Sibel Sezal",1988,272560,47,spotify:user:31ihueikmm6mapjr72mnieyswj24,2024-01-12T09:28:02Z,"",0.744,0.388,7,-8.398,1,0.0354,0.723,0,0.329,0.419,108.332,4
0cZgkcbssrcJeetG4GXoLc,"5ayzrYOahi5XNF9eRwYMKv","Sultan-ı Yegah","Sultan-ı Yegah","Nur Yoldas",1998-06-11,193666,57,spotify:user:31ihueikmm6mapjr72mnieyswj24,2024-01-12T09:28:03Z,"anadolu rock,classic turkish pop,turkish psych",0.419,0.695,2,-5.497,0,0.0558,0.766,0.000254,0.357,0.715,176.554,4
1HoJHyOegc91iJuluWzm3p,"0WkxC6x6tZhtSj8BT9ZWaU","Sevdim Seni Bir Kere","Bak Bir Varmış Bir Yokmuş","Hümeyra",2002-03-15,209733,51,spotify:user:31ihueikmm6mapjr72mnieyswj24,2024-01-12T09:28:04Z,"anadolu rock,classic turkish pop,turkish jazz,turkish rock",0.478,0.345,5,-8.609,0,0.0348,0.811,0.00000955,0.121,0.182,105.768,4
29oo1BXTdD92l5osHa0zSl,"1Y2FwScblyMxpLTrNdfwyU","Kendine İyi Bak","Sevgi Duvarı","Ahmet Kaya",1990,267133,64,spotify:user:31ihueikmm6mapjr72mnieyswj24,2024-01-12T09:28:06Z,"",0.65,0.496,0,-14.114,0,0.0315,0.585,0.0221,0.19,0.852,118.658,4
1vmzfiQsd8PHgt8Kgp7TgR,"1Y2FwScblyMxpLTrNdfwyU","Kum Gibi","Şarkılarım Dağlara","Ahmet Kaya",1994-05-05,270883,63,spotify:user:31ihueikmm6mapjr72mnieyswj24,2024-01-12T09:28:07Z,"",0.667,0.571,0,-10.626,0,0.0359,0.589,0.000513,0.093,0.598,92.018,4
4ZgwgaVhAkF9vAGmMvJFUf,"0YCbq8656cGkwlNOPF0dkc","Herşey Seni Hatırlatıyor","Efendim","Muazzez Abacı",1992-06-03,345200,42,spotify:user:31ihueikmm6mapjr72mnieyswj24,2024-01-12T09:28:10Z,"turk sanat muzigi",0.223,0.437,2,-10.161,0,0.0463,0.6,0,0.0782,0.29,177.836,4
3m6dH8E2aaMx0Jd5W59qcl,"2tgJQAu3rn7N2Tvee9yPZy","Kalenin Bedenleri","Nostalji, Vol. 9","Muazzez Ersoy",1999,188600,13,spotify:user:31ihueikmm6mapjr72mnieyswj24,2024-01-12T09:28:23Z,"arabesk,turk sanat muzigi,turkish folk",0.572,0.718,6,-3.797,1,0.0358,0.759,0.00000807,0.338,0.925,101.428,4
3VLpmvlGkGeLWME8qRShOQ,"691svprNZf0oJTi1L0eYy6","Pervane - Bana Ellerini Ver","Canım Senle Olmak İstiyor","Özdemir Erdoğan",2022-02-11,177874,60,spotify:user:31ihueikmm6mapjr72mnieyswj24,2024-01-12T09:28:25Z,"anadolu rock",0.391,0.476,10,-10.326,1,0.0455,0.753,0,0.238,0.527,137.119,4
1hRpKqssY4tluAZr8p4bde,"5DmyXzZgwTmnHVsNtlb4bl","Ankara'nın Taşına Bak","Ankara'nın Taşına Bak","Ruhi Su",1993-03-01,254653,32,spotify:user:31ihueikmm6mapjr72mnieyswj24,2024-01-12T09:28:26Z,"turkish folk,turkish jazz",0.486,0.123,2,-20.722,1,0.0509,0.964,0.000121,0.718,0.297,81.388,4
0IqeSQvzNsNo6ga2E3PkCM,"7KVIZplHlqnvESsbuFQOnM","Kız Sen İstanbul'un Neresindensin","Sizlerle (Sevgisiz Yaşayamam)","Emel Sayın",2007-03-12,261600,36,spotify:user:31ihueikmm6mapjr72mnieyswj24,2024-01-12T09:28:27Z,"arabesk,turk sanat muzigi,turkish folk,turkish pop",0.429,0.554,9,-9.488,0,0.0338,0.365,0,0.0876,0.743,117.131,4
5GZjFU7xOSqnCmTeuX6mDC,"3cVYOxG4nq0Grh5er8ZKkk","Doldur Meyhaneci","Adnan Şenses Klasikleri","Adnan Senses",2005-12-12,378093,44,spotify:user:31ihueikmm6mapjr72mnieyswj24,2024-01-12T09:28:29Z,"arabesk",0.559,0.646,2,-7.04,0,0.205,0.432,0,0.264,0.572,166.167,4
7LkfIsKgxDEj0LclRhkUso,"3cVYOxG4nq0Grh5er8ZKkk","Neden Saçların Beyazlamış Arkadaş","Adnan Şenses Klasikleri","Adnan Senses",2005-12-12,381106,42,spotify:user:31ihueikmm6mapjr72mnieyswj24,2024-01-12T09:28:30Z,"arabesk",0.467,0.57,2,-5.139,1,0.0614,0.498,0,0.348,0.371,155.83,4
39Shd0A8AL4jZ7bmuvEWAu,"3OVWvBHwlq5w8iRJEBoCp2","Medcezir","Med Cezir","Levent Yüksel",1993-05-14,273920,0,spotify:user:31ihueikmm6mapjr72mnieyswj24,2024-01-12T09:28:32Z,"turkish pop",0.697,0.286,2,-14.804,1,0.0377,0.587,0.00000595,0.0871,0.428,80.14,4
7JTsccbLIGTaEANOn9QuDr,"6WLkcqDXHgfe80TNMH1C5z","Ben de Özledim","Ben de Özledim","Ferdi Tayfur",1982,243948,53,spotify:user:31ihueikmm6mapjr72mnieyswj24,2024-01-12T09:28:34Z,"arabesk",0.438,0.296,4,-15.705,0,0.0404,0.486,0.00000628,0.265,0.256,87.426,4
6KBRNsL48BmRcQzUq1oSZq,"64d1rUxfizSAOE9UbMnUZd","Haydi Gel Benimle Ol","Sen Ağlama","Sezen Aksu",1984-09-06,271618,66,spotify:user:31ihueikmm6mapjr72mnieyswj24,2024-01-12T09:28:36Z,"turkish pop",0.641,0.795,2,-6.605,1,0.182,0.609,0,0.302,0.52,119.75,4
59YZK0d2ttqxIKD36PaX3t,"7KVIZplHlqnvESsbuFQOnM","Bak Yeşil Yeşil","Türk Film Müzikleri","Emel Sayın",2006,242677,44,spotify:user:31ihueikmm6mapjr72mnieyswj24,2024-01-12T09:28:37Z,"arabesk,turk sanat muzigi,turkish folk,turkish pop",0.453,0.452,10,-7.806,1,0.0362,0.954,0.00728,0.336,0.44,99.16,4
3e6We0G13sxQsAReJSa9h1,"5L7Hl11e6LAeNWfvs5siH4,3JfDOKDXkrtMc2S4mX1KJC","Aşkın Gözü Kör Mü","Biz Sizin Şarkılarınızla Büyüdük","Rana Alagöz,Selçuk Alagöz",2009-02-05,210560,0,spotify:user:31ihueikmm6mapjr72mnieyswj24,2024-01-12T09:28:39Z,"anadolu rock,classic turkish pop,turkish psych",0.477,0.789,4,-5.426,0,0.0699,0.537,0,0.325,0.856,87.798,4
265E6HMwFMQhcJFrSivJK8,"0ZZDIo31D35xGrXYTodWrL","İnleyen Nağmeler Ruhumu Sardı","Radyo Günleri Zeki Müren ile Başbaşa, Vol. 1","Zeki Müren",2017-10-25,163320,45,spotify:user:31ihueikmm6mapjr72mnieyswj24,2024-01-12T09:28:46Z,"turk sanat muzigi,turkish folk",0.384,0.473,0,-4.777,0,0.0336,0.715,0.0000568,0.0646,0.329,126.023,4
74Nm36F7GHhnsM2WY9ozAX,"6mo0wDjcoViVQqgYIOsUAz,2KMqPawdfROlhVx0LeJgPR,5zkh6MICzIQIUoA9NfZpBx,6pyRonaUv19Q4SxGtLTMBC","Bu Gece Lazım","Yedi Kocalı Hürmüz","Sunay Özgür,Ender Akay,Şevval Sam,Sarp Apak",2009-11-19,162586,27,spotify:user:31ihueikmm6mapjr72mnieyswj24,2024-01-12T09:28:50Z,"turkish soundtrack,karadeniz turkuleri,turk sanat muzigi,turkish folk,turkish pop,turkish rock",0.62,0.812,11,-6.201,0,0.126,0.324,0,0.318,0.768,139.82,5
3BPkDzkpP8Bb8pcbEIRVSN,"6Bq46T44RPEEQHic6Ct8ml","Bir Başka Sevgiliyi","Unutulmayan Arajmanlar 1","Hurşid Yenigün ve Grubu",1988-01-01,148000,28,spotify:user:31ihueikmm6mapjr72mnieyswj24,2024-01-12T09:29:08Z,"",0.817,0.614,7,-11.296,0,0.0501,0.545,0.000012,0.0216,0.952,141.631,4
3kUJpv2Da1MTAXQwwpxC8N,"27XMnTLvCO7t3qGlQyTMkF","Haykıracak Nefesim Kalmasa Bile","Süper Star, Vol.2","Ajda Pekkan",2013-02-28,212897,54,spotify:user:31ihueikmm6mapjr72mnieyswj24,2024-01-12T09:29:10Z,"turkish pop,turkish psych",0.435,0.534,9,-10.655,0,0.084,0.71,0,0.121,0.511,111.429,4
6HJVYn7Z2roczUZCoD9cs0,"7KVIZplHlqnvESsbuFQOnM","Bir Gece Ansızın Gelebilirim","Tanrım Beni Baştan Yarat (LP)","Emel Sayın",1975,228482,29,spotify:user:31ihueikmm6mapjr72mnieyswj24,2024-01-12T09:29:12Z,"arabesk,turk sanat muzigi,turkish folk,turkish pop",0.553,0.545,9,-7.694,1,0.0536,0.881,0.00000306,0.0804,0.502,116.988,4
2IFjMnZaHAE8riBDrMsHsg,"7fBsT1Oc73gJw8cCTqkWTa,3ZDJ8orricARS4nLFGJF7m","Herşey Seninle Güzel","Herşey Seninle Güzel","Zeynep Talu,Celil Nalçakan",2020-08-18,265047,25,spotify:user:31ihueikmm6mapjr72mnieyswj24,2024-01-12T09:29:13Z,"",0.657,0.557,7,-10.985,1,0.0874,0.477,0.0000464,0.1,0.297,150.107,4
0RpATADM5m55KlZPLEetdt,"2j6Pkogkf0jggyy3RPEA6T","Sen Benim Şarkılarımsın","Aşk Tesadüfleri Sever 2 (Orijinal Film Müzikleri)","Nesrin Cavadzade",2020-01-31,193081,17,spotify:user:31ihueikmm6mapjr72mnieyswj24,2024-01-12T09:29:15Z,"",0.696,0.628,5,-6.906,0,0.0348,0.224,0,0.18,0.582,99.843,4
2SoX0HfjmyNnuMf7O31lYm,"5zcfMCanOQAx92n9sICtNJ","Ah İstanbul","An","Dilek Türkan",2018-02-09,190264,31,spotify:user:31ihueikmm6mapjr72mnieyswj24,2024-01-12T09:29:17Z,"turk sanat muzigi,turkish jazz",0.634,0.392,4,-7.929,1,0.0323,0.821,0,0.116,0.468,114.95,4
2eOSC4gWpt5sXEQcSeIwPM,"5vuQpKX1QG7WlQ40C27HfD","Yar Saçların Lüle Lüle","Semiramis","Semiramis Pekkan",2013-12-27,238004,0,spotify:user:31ihueikmm6mapjr72mnieyswj24,2024-01-12T09:29:19Z,"classic turkish pop",0.335,0.577,2,-10.046,1,0.0434,0.715,0.00000843,0.329,0.839,113.169,4
0X5rH7XimKUgwicjmxmPpB,"0eFqY7TiJKZhnA5hmeEE0u","Beyoğlu'nda Gezersin","Süper İstanbul Türküleri","Ergin Kızılay",1994-09-15,149200,37,spotify:user:31ihueikmm6mapjr72mnieyswj24,2024-01-12T09:29:20Z,"turkish classical",0.518,0.841,4,-6.364,0,0.0404,0.787,0.0627,0.902,0.739,128.224,4
4FV4RwVdeKAh87sM2FUequ,"771VjzTUZjO5uV9Qe2yiRH","Ben Kalender Meşrebim","Kanto 1","Nurhan Damcıoğlu",1976,196780,33,spotify:user:31ihueikmm6mapjr72mnieyswj24,2024-01-12T09:29:21Z,"classic turkish pop",0.591,0.416,9,-16.616,1,0.0546,0.729,0,0.105,0.839,144.75,5
3Odh6EN3R1xTz2oV26PViQ,"5BzgxbY1BseIx5cgJ791QF","O Lelli","Su Damlası","Suat Suna",2002-05-10,251813,34,spotify:user:31ihueikmm6mapjr72mnieyswj24,2024-01-12T09:29:23Z,"turkish pop",0.622,0.719,4,-9.452,0,0.0613,0.156,0,0.93,0.85,87.008,4
56g62QRl9wNTJRn5idyMsp,"27XMnTLvCO7t3qGlQyTMkF","Kim Ne Derse Desin","Kim Ne Derse Desin","Ajda Pekkan",2014-01-20,162168,55,spotify:user:31ihueikmm6mapjr72mnieyswj24,2024-01-12T09:29:24Z,"turkish pop,turkish psych",0.514,0.651,0,-9.911,0,0.0725,0.18,0,0.188,0.668,127.418,4
2qOuKvCKOH4gRjXDHCtX4a,"70C9Hem4LtSZElO9GTp42g","Sev Kardeşim","Sev Kardeşim / Benim Olursan","Şenay",1971-10-27,207426,47,spotify:user:31ihueikmm6mapjr72mnieyswj24,2024-01-12T09:29:25Z,"",0.759,0.623,0,-4.953,0,0.0334,0.563,0.00000319,0.472,0.931,120.176,4
4x9GzqK1TMEdVk1VtIiMbW,"27XMnTLvCO7t3qGlQyTMkF","Hoş Gör Sen","The Best of Ajda","Ajda Pekkan",1998-04-24,204546,0,spotify:user:31ihueikmm6mapjr72mnieyswj24,2024-01-12T09:29:26Z,"turkish pop,turkish psych",0.756,0.832,8,-10.559,1,0.101,0.219,0.00000124,0.0969,0.875,99.978,4
4ERC7B5SxeVsoOr7qFCWmh,"4W31XN2JH8mC54NkHdh04s","Bu Gece Son","Uzay Heparı Sonsuza","Sertab Erener",2008-12-13,334760,29,spotify:user:31ihueikmm6mapjr72mnieyswj24,2024-01-12T09:29:28Z,"turkish jazz,turkish pop,turkish singer-songwriter",0.494,0.438,9,-7.147,1,0.0403,0.666,0.0000143,0.114,0.103,79.028,4
52stTfJTry7xOd6pLXrfXm,"7x1sEYcPJvLBwweGlIcapC","Karam","İlla ki","Hakan Peker",2000-02-16,213720,67,spotify:user:31ihueikmm6mapjr72mnieyswj24,2024-01-12T09:29:30Z,"turkish pop",0.737,0.611,2,-12.115,0,0.129,0.419,0,0.294,0.875,171.899,4
1IVarDBONtKyRmGwyEDjxu,"27XMnTLvCO7t3qGlQyTMkF","Bambaşka Biri","The Best of Ajda","Ajda Pekkan",1998-04-24,323693,3,spotify:user:31ihueikmm6mapjr72mnieyswj24,2024-01-12T09:29:33Z,"turkish pop,turkish psych",0.759,0.863,0,-8.89,1,0.0574,0.0441,0.00000288,0.289,0.808,120.016,4
39pp8Rri2RpNdWB3iqMf7P,"4KBqNI9S7b1auif398Eef5","Sevmek Zamanı","Sevmek Zamanı","Oya & Bora",2019-01-01,224549,41,spotify:user:31ihueikmm6mapjr72mnieyswj24,2024-01-12T09:29:34Z,"cocuk sarkilari",0.548,0.694,9,-5.683,0,0.0398,0.628,0,0.372,0.699,103.42,4
75Qj8i60Js6UW4NbWyQgia,"4i4ALRtQQmFxn3BCIB6iC0","Olmaz Olsun","Hayat Rüya Gibi...","Göksel",2010-04-26,172355,49,spotify:user:31ihueikmm6mapjr72mnieyswj24,2024-01-12T09:29:36Z,"turkce slow sarkilar,turkish pop",0.697,0.613,10,-6.348,0,0.0481,0.359,0,0.141,0.889,116.023,4
07ycJqYmXyIxPT0dIWlalt,"6zzBsqAEDo53s2dSeZzWvo","İşte Öyle Bir Şey","İşte Öyle Bir Şey","Erol Evgin",2006-01-01,180213,56,spotify:user:31ihueikmm6mapjr72mnieyswj24,2024-01-12T09:29:37Z,"classic turkish pop,turkish pop",0.562,0.667,1,-7.031,1,0.0407,0.364,0,0.121,0.626,102.639,5
2hWlS6ufQIVsGwfVW3Gn0r,"39rtUmVAGX9W1e2aXE9YkF","Her Akşam Sarhoş","Bak Bir Varmış Bir Yokmuş","Dario Moreno",2002-03-15,181293,38,spotify:user:31ihueikmm6mapjr72mnieyswj24,2024-01-12T09:29:38Z,"classic turkish pop",0.369,0.653,8,-6.667,0,0.122,0.947,0.735,0.247,0.749,107.509,4
3ox8VM5vQ5lil9t3Oo0qAZ,"1FmmJb0ixEE31ETAQ60GXx,41rbd3YKGK2LiBty2QWmdN","Boşvermişim Dünyaya","Arif V 216 (Orijinal Film Müzikleri)","Cem Yılmaz,Iskender Paydas",2018-01-19,189421,36,spotify:user:31ihueikmm6mapjr72mnieyswj24,2024-01-12T09:29:40Z,"deep turkish pop",0.554,0.863,10,-3.36,0,0.0466,0.0876,0,0.143,0.652,84.883,3
5RkqdAXsZnmHX8yFMMkyIh,"4W31XN2JH8mC54NkHdh04s","Fikrimin İnce Gülü","Ey Şuh-i Sertab","Sertab Erener",2012-03-30,196466,0,spotify:user:31ihueikmm6mapjr72mnieyswj24,2024-01-12T09:29:42Z,"turkish jazz,turkish pop,turkish singer-songwriter",0.458,0.244,5,-12.722,1,0.0382,0.923,0,0.32,0.623,138.539,3
2SUfHk0LaBAvVyelypcj5s,"2bZXmEbQuj9XcGwgyIGuit","Dilek Taşı","Şarkılarım","Ferdi Özbeğen",1991-04-05,300426,52,spotify:user:31ihueikmm6mapjr72mnieyswj24,2024-01-12T09:29:43Z,"classic turkish pop,uyghur pop",0.452,0.545,10,-8.377,0,0.0319,0.553,0,0.079,0.316,83.324,4
1eTWHsYu2ope8zwTN3efS3,"1FXTuxobdo03RcAcuEFmPY","Hatırla Sevgili","Özlem","Eylem Aktaş",2018-04-12,239933,51,spotify:user:31ihueikmm6mapjr72mnieyswj24,2024-01-12T09:29:45Z,"",0.355,0.412,0,-10.85,0,0.0389,0.33,0.000446,0.168,0.55,179.885,3
1NjKe0dSkM0u7J0UgfZquu,"5fDW8jzdmux7kdNxvceywZ","Yanayım Yanayım","Yanayım Yanayım","Ayta Sözeri",2018-09-18,216694,38,spotify:user:31ihueikmm6mapjr72mnieyswj24,2024-01-12T09:29:47Z,"",0.629,0.91,9,-4.459,1,0.0308,0.0235,0.00000638,0.298,0.635,137.997,4
7jFn6h8YBuoEiGETeiuCMm,"48i1aKgMChNYloMbB1uJEH","Aldatıldık","Rengin","Rengin",1991-04-26,188693,63,spotify:user:31ihueikmm6mapjr72mnieyswj24,2024-01-12T09:29:49Z,"classic turkish pop,deep turkish pop",0.573,0.76,10,-10.235,0,0.0438,0.117,0.00000183,0.0596,0.962,184.03,4
3U8vaKyv681v0CY130yTvE,"1FmmJb0ixEE31ETAQ60GXx,41rbd3YKGK2LiBty2QWmdN","Milyonzade","Arif V 216 (Orijinal Film Müzikleri)","Cem Yılmaz,Iskender Paydas",2018-01-19,108544,38,spotify:user:31ihueikmm6mapjr72mnieyswj24,2024-01-12T09:29:52Z,"deep turkish pop",0.646,0.718,11,-3.69,1,0.0486,0.385,0,0.379,0.888,95.279,4
2v57dbjigdKRh7MY6ME3WB,"2yMN0IP20GOaN6q0p0zL5k","Gül Döktüm Yollarına","Aacayipsin","Tarkan",1994,249475,60,spotify:user:31ihueikmm6mapjr72mnieyswj24,2024-01-12T09:29:53Z,"turkish pop",0.67,0.64,7,-12.749,1,0.0312,0.104,0,0.14,0.965,150.034,4
7x5e8G8Be483DNS3ri4TNe,"4KBqNI9S7b1auif398Eef5","Sevme Zamanı","Seni Bana Yazmışlar","Oya & Bora",1992-11-04,253733,54,spotify:user:31ihueikmm6mapjr72mnieyswj24,2024-01-12T09:29:55Z,"cocuk sarkilari",0.469,0.516,10,-11.303,1,0.0627,0.584,0.00000292,0.13,0.33,108.669,4
1dYgBxWZcYQR1AdngWtHGH,"51YBtWvwOP37hIGmnxf4yC","Gamsız Hayat","Neden","Candan Erçetin",2002-04-17,231800,59,spotify:user:31ihueikmm6mapjr72mnieyswj24,2024-01-12T09:29:56Z,"turkish pop",0.598,0.7,6,-9.757,0,0.128,0.141,0.0000124,0.0535,0.777,180.013,4
522soGPCUM6FJimxFQNjsQ,"3vcMKbHLV3BQnsi5H9Snei","Sen Benim Şarkılarımsın","Bir Yaz Daha Bitiyor","Gündoğarken",2008-11-07,179093,50,spotify:user:31ihueikmm6mapjr72mnieyswj24,2024-01-12T09:29:57Z,"",0.594,0.563,11,-6.309,0,0.0283,0.637,0,0.191,0.636,99.677,4
1hSwTsZkrOSEs2BZEekCfw,"5Mi0CfVFTACW7wclXpIA6G","Papatya","Tango Türk, Vol. 6 (Üstad'a Saygıyla Tango)","Erol Büyükburç",2004-09-17,186226,33,spotify:user:31ihueikmm6mapjr72mnieyswj24,2024-01-12T09:29:59Z,"classic turkish pop,turkish psych",0.528,0.477,2,-7.819,1,0.039,0.0576,0.384,0.325,0.748,118.047,4
2kXTbr9J7u0IIA14xBu9Eq,"46HyO18Ou1UzcbDKInq3ZH","Nazende Sevgilim","Nazende Sevgilim","Figen Genç",1999-05-20,230453,63,spotify:user:31ihueikmm6mapjr72mnieyswj24,2024-01-12T09:30:00Z,"",0.406,0.244,4,-12.619,0,0.0393,0.856,0.0000171,0.108,0.254,100.738,4
4M7El7oYpX54neeRu51WES,"4KsBdM2lmX37p3YR0odew0","Son Verdim Kalbimin İşine","En İyileriyle Seyyal Taner","Seyyal Taner",1976,214973,51,spotify:user:31ihueikmm6mapjr72mnieyswj24,2024-01-12T09:30:01Z,"classic turkish pop",0.631,0.555,1,-8.093,0,0.0442,0.696,0,0.426,0.778,127.958,4
2aHS8p4tspLPkOvALx8Fs0,"5fDW8jzdmux7kdNxvceywZ","Büklüm Büklüm","Büklüm Büklüm","Ayta Sözeri",2018-02-14,245526,46,spotify:user:31ihueikmm6mapjr72mnieyswj24,2024-01-12T09:30:03Z,"",0.574,0.631,2,-8.599,0,0.0518,0.415,0.0000124,0.232,0.538,104.015,4
7ssDqFuoNiVLu2vps3GL3b,"04EJLUSUcz99lY4Vy0DYLM","Ben Tabii Ki","Ben Tabii Ki","Ümit Sayın",1999-07-07,251425,57,spotify:user:31ihueikmm6mapjr72mnieyswj24,2024-01-12T09:30:05Z,"turkish pop",0.726,0.639,9,-9.457,0,0.0772,0.595,0,0.287,0.628,143.991,4
6ZBDMbseCkHAn9toyJWNTA,"4EBYDiIrM8szoEusJsTGak","Seninle Başım Dertte","Seninle Başım Dertte","Selami Şahin",1983-01-01,260733,51,spotify:user:31ihueikmm6mapjr72mnieyswj24,2024-01-12T09:30:06Z,"arabesk,classic turkish pop,turkish folk",0.342,0.676,2,-7.09,0,0.0506,0.383,0.00000112,0.0988,0.482,115.418,4
324eEfWTlnhws0YCbQFS7u,"7DD1mwMIwWh5DX3VcN5sLR","Seni Ne Çok Sevdiğimi","Sefarad, Vol. 2","Sefarad",2005-06-30,244720,39,spotify:user:31ihueikmm6mapjr72mnieyswj24,2024-01-12T09:30:07Z,"sefardi",0.41,0.483,0,-8.2,1,0.0297,0.277,0,0.0881,0.232,169.885,3
58n1RCyf7cQUEhSVAvWqw7,"7KVIZplHlqnvESsbuFQOnM","Sen Mevsimler Gibisin","Başrolde","Emel Sayın",1997-06-27,252969,29,spotify:user:31ihueikmm6mapjr72mnieyswj24,2024-01-12T09:30:09Z,"arabesk,turk sanat muzigi,turkish folk,turkish pop",0.521,0.426,9,-11.815,1,0.0701,0.734,0,0.213,0.502,81.007,3
5RpoaIUGufHfeDobp4nUWj,"7KoyDRlXHKM8yRDr63ZDbj","Gözleri Aşka Gülen","Odeon Yılları (Türk Sanat Müziği Serisi)","Nesrin Sipahi",2006-12-09,220600,50,spotify:user:31ihueikmm6mapjr72mnieyswj24,2024-01-12T09:30:11Z,"classic azeri pop,classic turkish pop,turk sanat muzigi",0.498,0.379,9,-9.035,0,0.0326,0.803,0,0.108,0.885,101.408,4
7wE90hQ78wf68VxD0koeob,"1cozKvV0ZICd4V3RGTgaFA","Ben Yoruldum Hayat","Ben Yoruldum Hayat","Mümin Sarıkaya",2016-11-25,275382,55,spotify:user:31ihueikmm6mapjr72mnieyswj24,2024-01-12T09:30:12Z,"",0.578,0.429,4,-8.126,0,0.0311,0.899,0.00391,0.174,0.186,125.24,4
5p9ujRLWNEXx63Qjg70tDg,"7lnUSgvhwVJ098VhyN9Rgr","Pardon","Evlilerde Sevebilir - Hasret Olmasın","Arif Susam",2006,203049,0,spotify:user:31ihueikmm6mapjr72mnieyswj24,2024-01-12T09:30:13Z,"arabesk",0.482,0.675,7,-9.162,0,0.104,0.623,0,0.589,0.819,111.105,4
39OADfKuM9OhcVGAmTmljl,"3Oebtq87rysNEKW2bKMHoH","Bu Ne dünya Kardeşim","Bu Ne dünya Kardeşim","Yeliz",1976,235146,0,spotify:user:31ihueikmm6mapjr72mnieyswj24,2024-01-12T09:30:17Z,"classic turkish pop",0.579,0.733,1,-5.13,1,0.0456,0.696,0,0.251,0.82,116.388,4
5vgUf8xUqFG5XcvdRsqXxd,"49cht9n59NXoBFK1gIolXJ","Bal Gibi Olur","Asu Maralman (Türk Pop Tarihi)","Asu Maralman",2000-11-03,168293,0,spotify:user:31ihueikmm6mapjr72mnieyswj24,2024-01-12T09:30:18Z,"anadolu rock,classic turkish pop,turkish psych",0.7,0.547,2,-11.21,1,0.0694,0.409,0.0000212,0.0761,0.9,106.801,4
6dIBSpL0BOvtImFUUTKWMo,"27XMnTLvCO7t3qGlQyTMkF","Sana Neler Edeceğim","Hoşgör Sen","Ajda Pekkan",1993,185466,50,spotify:user:31ihueikmm6mapjr72mnieyswj24,2024-01-12T09:30:19Z,"turkish pop,turkish psych",0.62,0.62,9,-7.66,1,0.0516,0.681,0,0.358,0.795,134.613,4
0fmu291NB9w5b0iZ2gWaeT,"2EgONoO8gQPmF5bh4IxxPD","Bir Sevmek Bin Defa Ölmek Demekmiş","Efsane Yeniden","3 Hürel",1996-06-13,303426,0,spotify:user:31ihueikmm6mapjr72mnieyswj24,2024-01-12T09:30:21Z,"anadolu rock,turkish psych,turkish rock",0.541,0.355,9,-15.498,0,0.0678,0.0587,0.0436,0.0514,0.635,200.333,4
19vyqTbRVkcBkYPbhbZlJd,"52ZUYpWgLZaJJDEum4P2KH","Boşver Arkadaş (Haydi Sil Gözlerini)","Işık ve Sevgiyle 30 Yıl","İlhan İrem",2004,186800,48,spotify:user:31ihueikmm6mapjr72mnieyswj24,2024-01-12T09:30:22Z,"classic turkish pop,turkish folk,turkish jazz,turkish rock",0.558,0.592,9,-8.445,1,0.0647,0.323,0.0000136,0.0699,0.94,101.53,4
6lGuy3oFJT9pUmSpnPz132,"4W31XN2JH8mC54NkHdh04s","Fikrimin İnce Gülü","Ey Şuh-i Sertab","Sertab Erener",2012-03-30,196466,0,spotify:user:31ihueikmm6mapjr72mnieyswj24,2024-01-12T09:30:24Z,"turkish jazz,turkish pop,turkish singer-songwriter",0.458,0.244,5,-12.722,1,0.0382,0.923,0,0.32,0.623,138.539,3
3KU6OeuIiHlBzdBDDGwfut,"5ayzrYOahi5XNF9eRwYMKv","Sultan-ı Yegah","Sultan-ı Yegah","Nur Yoldas",1998-06-11,193666,0,spotify:user:31ihueikmm6mapjr72mnieyswj24,2024-01-12T09:30:25Z,"anadolu rock,classic turkish pop,turkish psych",0.419,0.695,2,-5.497,0,0.0558,0.766,0.000254,0.357,0.715,176.554,4
5SvLbwKsIRKCOKeEOZbIKG,"2bZXmEbQuj9XcGwgyIGuit","Dilek Taşı","Şarkılarım","Ferdi Özbeğen",1991-04-05,300426,0,spotify:user:31ihueikmm6mapjr72mnieyswj24,2024-01-12T09:30:26Z,"classic turkish pop,uyghur pop",0.452,0.545,10,-8.377,0,0.0319,0.553,0,0.079,0.316,83.324,4
4wQhrNnIwpdUGfn0Cx7FE4,"2eyRlGrwDq4JBGGdZ9vjDn","Ah Nerede","Ah Nerede","Füsun Önal",2004-10-06,165250,54,spotify:user:31ihueikmm6mapjr72mnieyswj24,2024-01-12T09:30:28Z,"classic turkish pop,turkish psych",0.743,0.938,5,-7.186,1,0.196,0.1,0,0.113,0.666,110.505,4
1mdAfXQuS12CuBJg48RWuS,"3E2lHRV6WfUemnxBu8C8Rw","Üzüntüyü Bırak Yaşamaya Bak","Hey Gidi Günler, Vol. 1","Gönül Turgut",2015,203049,0,spotify:user:31ihueikmm6mapjr72mnieyswj24,2024-01-12T09:30:30Z,"classic turkish pop",0.271,0.538,5,-6.942,0,0.0306,0.901,0.000179,0.456,0.48,103.551,4
2aAq1yVfh63zajajsjv68o,"1JezmRKWjau6fQtfotfhZY","Arnavut Kaldirimi","Kınalı Bebek","Demet Sağıroğlu",1994-10-25,292426,60,spotify:user:31ihueikmm6mapjr72mnieyswj24,2024-01-12T09:30:31Z,"turkish pop",0.524,0.565,5,-13.679,0,0.204,0.337,0,0.103,0.341,104.999,4
13b2SfGQ4Ol8ACuFOdYB3L,"27XMnTLvCO7t3qGlQyTMkF","Hoşgör Sen","The Best of Ajda","Ajda Pekkan",2000-01-01,203859,0,spotify:user:31ihueikmm6mapjr72mnieyswj24,2024-01-12T09:30:34Z,"turkish pop,turkish psych",0.749,0.829,8,-10.689,1,0.0991,0.211,0.00000206,0.131,0.89,99.98,4
5c91hNOoKfapMH58q7Xn31,"2eyRlGrwDq4JBGGdZ9vjDn","Senden Başka","Ah Nerede","Füsun Önal",2004-10-06,166582,57,spotify:user:31ihueikmm6mapjr72mnieyswj24,2024-01-12T09:30:36Z,"classic turkish pop,turkish psych",0.767,0.698,9,-8.296,1,0.0323,0.587,0.00000237,0.191,0.827,114.332,4
2xcwvITarPw1mlLKzdntbX,"3eVuump9qyK0YCQQo4mKbc","Anlıyorsun Değilmi","Sarı Çizmeli Mehmet Ağa","Barış Manço",1993-02-19,127666,0,spotify:user:31ihueikmm6mapjr72mnieyswj24,2024-01-12T09:30:37Z,"anadolu rock,turkish instrumental,turkish psych,turkish rock",0.845,0.32,9,-19.517,0,0.0575,0.238,0,0.114,0.881,103.911,4
1MwIi01YhFf3yDoXm0xe5y,"27XMnTLvCO7t3qGlQyTMkF","Kimler Geldi Kimler Geçti","Hoşgör Sen","Ajda Pekkan",1993,206333,53,spotify:user:31ihueikmm6mapjr72mnieyswj24,2024-01-12T09:30:41Z,"turkish pop,turkish psych",0.296,0.582,0,-6.974,0,0.0316,0.738,0,0.261,0.66,93.351,4
5ciOzU5DXo4gRHYVuDqsRu,"7KVIZplHlqnvESsbuFQOnM","Duydum Ki Unutmuşsun","Assolistler-Solistler Geçidi, Vol. 1","Emel Sayın",2006,221746,0,spotify:user:31ihueikmm6mapjr72mnieyswj24,2024-01-12T09:30:42Z,"arabesk,turk sanat muzigi,turkish folk,turkish pop",0.26,0.305,4,-11.131,0,0.0386,0.909,0.000356,0.127,0.428,172.13,3
0eW5IORFyvSmzgtBfeKjH2,"4W31XN2JH8mC54NkHdh04s","Bu Gece Son","Made in Turkey Vol.4","Sertab Erener",2009-01-01,334760,0,spotify:user:31ihueikmm6mapjr72mnieyswj24,2024-01-12T09:30:44Z,"turkish jazz,turkish pop,turkish singer-songwriter",0.509,0.419,9,-8.062,1,0.0401,0.684,0.00000748,0.11,0.109,78.891,4
486Veo8IBvh21LOqCYUi64,"7qMU11EGOWoOFrHlrHpbLd","Kimseye Etmem Şikayet","Meyhane Şarkıları (Plaklardan Orijinal)","Müzeyyen Senar",2015,224130,0,spotify:user:31ihueikmm6mapjr72mnieyswj24,2024-01-12T09:30:45Z,"rumeli turkuleri,turk sanat muzigi,turkish folk",0.227,0.419,5,-5.075,1,0.0363,0.952,0.00435,0.344,0.312,89.056,4
0cp3CBk6VtToeu3G4Bknhz,"52S9QMQQA2k0LjtELttOVQ","Dokunma","Utan / Dokunma","Orhan Gencebay",1990-01-17,311773,53,spotify:user:31ihueikmm6mapjr72mnieyswj24,2024-01-12T09:30:47Z,"arabesk,turkish folk,turkish psych",0.407,0.443,10,-12.183,0,0.0383,0.657,0.00065,0.0913,0.641,109.776,5
0rb2T3VwlC9jcA02UojwtE,"0ZZDIo31D35xGrXYTodWrL","Gitme Sana Muhtacım","Sev Beni","Zeki Müren",1989-12-22,271920,0,spotify:user:31ihueikmm6mapjr72mnieyswj24,2024-01-12T09:30:48Z,"turk sanat muzigi,turkish folk",0.27,0.384,11,-14.961,1,0.0798,0.0639,0.000618,0.117,0.41,175.59,4
3D6gDJLEcEufX33QNGtQSe,"0ZZDIo31D35xGrXYTodWrL","Ah Bu Şarkıların Gözü Kör Olsun","Zirvedeki Şarkılar","Zeki Müren",1989-11-22,328773,0,spotify:user:31ihueikmm6mapjr72mnieyswj24,2024-01-12T09:30:50Z,"turk sanat muzigi,turkish folk",0.393,0.568,2,-11.864,0,0.0728,0.638,0.0000034,0.32,0.591,83.395,3
4B9vjtU8MMKU7PZu0LXlcI,"0ZZDIo31D35xGrXYTodWrL","Elbet Birgün Buluşacağız","Dünden Bugüne 5","Zeki Müren",1991-03-15,308506,0,spotify:user:31ihueikmm6mapjr72mnieyswj24,2024-01-12T09:30:53Z,"turk sanat muzigi,turkish folk",0.262,0.744,4,-7.478,0,0.0846,0.641,0.0464,0.371,0.709,180.748,3
1kKVXlAyKqkBOo6ypHsu21,"0ZZDIo31D35xGrXYTodWrL","Sevemez Kimse Seni","Anılarım","Zeki Müren",1990-05-29,231973,44,spotify:user:31ihueikmm6mapjr72mnieyswj24,2024-01-12T09:30:54Z,"turk sanat muzigi,turkish folk",0.407,0.344,2,-12.733,1,0.0418,0.759,0,0.103,0.292,114.719,4
0slS4j9cUgIvrLWxQStM96,"4XYD8wP6f1sfLtWfrY1luF","Gidiyorum","Bir Garip Aşk Bestesi","Kıraç",1999-12-01,241348,56,spotify:user:31ihueikmm6mapjr72mnieyswj24,2024-01-12T09:30:56Z,"anadolu rock,turkish pop,turkish rock",0.673,0.614,7,-12.084,0,0.0508,0.22,0.00000211,0.137,0.774,126.294,4
3N22eRNxCqUIFe6fIonFnZ,"691svprNZf0oJTi1L0eYy6","Bana Ellerini Ver","Unutulmayan Besteler Güfteler Dizilerde","Özdemir Erdoğan",2014-11-20,179426,0,spotify:user:31ihueikmm6mapjr72mnieyswj24,2024-01-12T09:30:57Z,"anadolu rock",0.386,0.629,10,-5.281,1,0.0379,0.73,0,0.168,0.535,136.775,3
3g8UGL56u5FfthkDxoQmJ0,"5LbgJGRCmR9pgCxVkBDZw6","Unutama Beni","En İyileriyle Esmeray","Esmeray",2013,247693,0,spotify:user:31ihueikmm6mapjr72mnieyswj24,2024-01-12T09:30:58Z,"classic azeri pop,classic turkish pop,turkish psych",0.626,0.266,3,-9.526,1,0.045,0.652,0,0.359,0.312,101.139,4
72N7x5KoZSp3f3waUFdvXZ,"2jbrqAuwSdvwcMTbtvncND","Ele Güne Karşı","The Best Of MFÖ","MFÖ",1989-11-22,188626,0,spotify:user:31ihueikmm6mapjr72mnieyswj24,2024-01-12T09:30:59Z,"anadolu rock,turkish pop,turkish rock",0.507,0.734,4,-11.001,0,0.108,0.0757,0.0000241,0.277,0.725,147.682,3
5n1MwdIRqFtsFO4qp86USa,"4XYD8wP6f1sfLtWfrY1luF","Endamın Yeter","Zaman","Kıraç",2001-11-30,204474,62,spotify:user:31ihueikmm6mapjr72mnieyswj24,2024-01-12T09:31:01Z,"anadolu rock,turkish pop,turkish rock",0.532,0.918,4,-5.736,0,0.0965,0.0384,0,0.386,0.614,112.026,4
1LQ2xfAGdiZQBOTzjQwRlh,"0oFiWQjHNvksJlD0aWzBZM","Güzel Günler Göreceğiz","Güzel Günler Göreceğiz","Edip Akbayram",1996-02-28,250826,0,spotify:user:31ihueikmm6mapjr72mnieyswj24,2024-01-12T09:31:03Z,"anadolu rock,arabesk,turkish folk",0.674,0.579,0,-14.637,0,0.0742,0.338,0,0.378,0.662,118.584,4
3U1930710e5U4pZB7MAEcr,"1lIbZfJvMQRqzhtCQsg5EI","Islak Islak","Nerde Kalmıştık","Cem Karaca",1992-10-21,290795,0,spotify:user:31ihueikmm6mapjr72mnieyswj24,2024-01-12T09:31:04Z,"anadolu rock,karadeniz turkuleri,turkish psych,turkish rock",0.652,0.567,5,-11.678,1,0.0325,0.11,0,0.0626,0.732,109.954,4
6blyusXPi81KFMTrxRybBG,"54dXUQ28NmpBHImIXjRsUg","Eylül'de Gel","En İyileriyle Alpay","Alpay",2000,182106,0,spotify:user:31ihueikmm6mapjr72mnieyswj24,2024-01-12T09:31:07Z,"classic turkish pop",0.689,0.73,0,-7.704,0,0.0316,0.381,0.00836,0.0841,0.652,91.929,4
