﻿Spotify ID,Artist IDs,Track Name,Album Name,Artist Name(s),Release Date,Duration (ms),Popularity,Added By,Added At,Genres,Danceability,Energy,Key,Loudness,Mode,Speechiness,Acousticness,Instrumentalness,Liveness,Valence,Tempo,Time Signature
0TK2YIli7K1leLovkQiNik,"7n2wHs1TKAczGzO7Dd2rGr,4nDoRrQiYLoBzwC5BhVJzF","Señorita","Señorita","Shawn Mendes,Camila Cabello",2019-06-21,190960,79,spotify:user:31ihueikmm6mapjr72mnieyswj24,2019-06-24T19:53:05Z,"canadian pop,pop,viral pop,dance pop",0.759,0.54,9,-6.039,0,0.0287,0.037,0,0.0945,0.75,116.947,4
05CwHjIk71RXVU40boRMnR,"69GGBxA162lTqCwzJG5jLp,64M6ah0SkkRsnPGtGiRAbb","Call You Mine (feat. Bebe Rexha)","World War Joy","The Chainsmokers,Bebe Rexha",2019-05-31,217653,1,spotify:user:31ihueikmm6mapjr72mnieyswj24,2019-06-24T19:53:47Z,"pop,dance pop",0.591,0.702,7,-5.59,1,0.0289,0.225,0,0.414,0.501,104.003,4
29fRTIKsJhLUJoldM89GZS,"06HL4z0CvFAxyc27GXpf02","You Need To Calm Down","You Need To Calm Down","Taylor Swift",2019-06-14,171386,14,spotify:user:31ihueikmm6mapjr72mnieyswj24,2019-06-24T19:54:02Z,"pop",0.768,0.678,2,-5.604,1,0.0505,0.00838,0,0.0596,0.706,85.025,4
5PYQUBXc7NYeI1obMKSJK0,"6jJ0s89eD6GaHleKKya26X","Never Really Over","Never Really Over","Katy Perry",2019-05-31,223523,69,spotify:user:31ihueikmm6mapjr72mnieyswj24,2019-06-24T19:56:37Z,"pop",0.77,0.882,8,-4.792,1,0.0602,0.194,0,0.316,0.385,99.991,4
0DiDStADDVh3SvAsoJAFMk,"7gOdHgIoIKoe4i9Tta6qdD","Only Human","Happiness Begins","Jonas Brothers",2019-06-07,183000,72,spotify:user:31ihueikmm6mapjr72mnieyswj24,2019-06-24T19:57:54Z,"boy band,pop",0.795,0.496,0,-5.883,1,0.0722,0.108,0,0.0645,0.874,94.01,4
3HVWdVOQ0ZA45FuZGSfvns,"6eUKZXaKkcviH0Ku9w2n3V,1uNFoZAHBGtllmzznpCI3s","I Don't Care (with Justin Bieber)","I Don't Care (with Justin Bieber)","Ed Sheeran,Justin Bieber",2019-05-10,219946,77,spotify:user:31ihueikmm6mapjr72mnieyswj24,2019-06-24T19:58:05Z,"pop,singer-songwriter pop,uk pop,canadian pop",0.798,0.675,6,-5.041,1,0.0442,0.0912,0,0.0894,0.842,101.956,4
4hPpVbbakQNv8YTHYaOJP4,"64KEffDW9EtZ1y2vBYgq8T,3oSJ7TBVCWMDMiYjXNiCKE","One Thing Right","One Thing Right","Marshmello,Kane Brown",2019-06-21,181823,72,spotify:user:31ihueikmm6mapjr72mnieyswj24,2019-06-24T19:58:22Z,"brostep,edm,pop,progressive electro house,black americana,contemporary country,country,country road",0.659,0.625,4,-2.253,1,0.045,0.0644,0,0.582,0.442,88.042,4
7Feaw9WAEREY0DUOSXJLOM,"60d24wfXkVzDSfLS6hyCjZ,3JhNCzhSMTxs9WLGJJxWOY,4UXqAaa6dQYAk18Lv7PEgX","Summer Days (feat. Macklemore & Patrick Stump of Fall Out Boy)","Summer Days (feat. Macklemore & Patrick Stump of Fall Out Boy)","Martin Garrix,Macklemore,Fall Out Boy",2019-04-25,163804,74,spotify:user:31ihueikmm6mapjr72mnieyswj24,2019-06-24T19:58:41Z,"dutch edm,edm,pop,pop dance,progressive house,pop rap,seattle hip hop,emo,modern rock,rock",0.661,0.723,5,-6.976,0,0.0566,0.179,0.0000123,0.14,0.316,113.778,4
0vrmHPfoBadXVr2n0m1aqZ,"1vCWHaC5f2uS3yhpwWbIA6","Heaven","TIM","Avicii",2019-06-06,277261,67,spotify:user:31ihueikmm6mapjr72mnieyswj24,2019-06-24T19:58:52Z,"dance pop,edm,pop,pop dance",0.592,0.873,9,-5.65,1,0.0275,0.0715,0.00982,0.142,0.516,122.011,4
79JBjIq90BrQ8Ws0pUhlzD,"1MIVXf74SZHmTIp4V4paH4","Mad Love","Mad Love","Mabel",2019-06-07,169813,0,spotify:user:31ihueikmm6mapjr72mnieyswj24,2019-06-24T19:59:23Z,"pop,uk pop",0.622,0.796,0,-2.999,0,0.172,0.667,0,0.106,0.62,197.705,4
6LsAAHotRLMOHfCsSfYCsz,"7n2wHs1TKAczGzO7Dd2rGr","If I Can't Have You","If I Can't Have You","Shawn Mendes",2019-05-03,190800,69,spotify:user:31ihueikmm6mapjr72mnieyswj24,2019-06-24T20:00:50Z,"canadian pop,pop,viral pop",0.692,0.809,2,-4.198,1,0.0602,0.524,0,0.147,0.864,123.911,4
1f38Gx6xQz6r4H1jGVNBJo,"540vIaP2JwjQb9dm3aArA4,1vyhD5VmyZ7KMfW5gqLgo5,5LHRHt1k9lMyONurDHEdrp","Loco Contigo (with J. Balvin & Tyga)","Loco Contigo (with J. Balvin & Tyga)","DJ Snake,J Balvin,Tyga",2019-06-13,185194,0,spotify:user:31ihueikmm6mapjr72mnieyswj24,2019-06-24T20:03:42Z,"dance pop,edm,electronic trap,pop,pop dance,reggaeton,reggaeton colombiano,trap latino,urbano latino,hip hop,pop rap,rap,trap",0.822,0.743,6,-3.04,0,0.0567,0.285,0.00000231,0.102,0.355,96.025,4
0qc4QlcCxVTGyShurEv1UU,"20gsENnposVs2I4rQ5kvrf,3SYnDj7btg9gFY7ps8m5d5","Post Malone (feat. RANI)","Magnets EP","Sam Feldt,RANI",2019-05-24,174444,66,spotify:user:31ihueikmm6mapjr72mnieyswj24,2019-06-24T20:04:03Z,"edm,pop dance,tropical house,dutch pop",0.59,0.642,7,-3.87,1,0.122,0.0771,0,0.105,0.651,107.356,4
5tmu5pAFHkUSl8Fo8ncyA4,"1z7b1Pr1rSlvWRzsW3HOrS","CIVIL WAR - Bonus","CIVIL WAR (Bonus)","Russ",2019-05-08,143880,0,spotify:user:31ihueikmm6mapjr72mnieyswj24,2019-06-24T20:04:28Z,"hawaiian hip hop,pop rap",0.913,0.608,7,-6.764,1,0.259,0.116,0,0.109,0.496,101.002,4
5w9c2J52mkdntKOmRLeM2m,"4VMYDCV2IEDYJArk749S6m,3uZFBSsMiooimnprFL9jD1","Con Calma","Con Calma","Daddy Yankee,Snow",2019-01-24,193226,79,spotify:user:31ihueikmm6mapjr72mnieyswj24,2019-06-24T20:06:11Z,"latin hip hop,reggaeton,trap latino,urbano latino,canadian old school hip hop,reggae fusion",0.737,0.86,8,-2.652,0,0.0593,0.11,0.00000194,0.0574,0.656,93.989,4
4y3OI86AEP6PQoDE6olYhO,"7gOdHgIoIKoe4i9Tta6qdD","Sucker","Sucker","Jonas Brothers",2019-03-01,181040,1,spotify:user:31ihueikmm6mapjr72mnieyswj24,2019-06-24T20:06:33Z,"boy band,pop",0.842,0.734,1,-5.065,0,0.0588,0.0427,0,0.106,0.952,137.958,4
2EEeOnHehOozLq4aS0n6SL,"4qBgvVog0wzW75IQ48mU7v,6icQOAFXDZKsumw3YXyusw","iSpy (feat. Lil Yachty)","iSpy (feat. Lil Yachty)","KYLE,Lil Yachty",2016-12-02,253106,72,spotify:user:31ihueikmm6mapjr72mnieyswj24,2019-06-24T20:09:37Z,"deep underground hip hop,indie pop rap,pop rap,atl hip hop,melodic rap,rap,trap",0.746,0.653,7,-6.745,1,0.289,0.378,0,0.229,0.672,75.016,4
6mrKP2jyIQmM0rw6fQryjr,"6fOMl44jA4Sp5b9PpYCkzz","Let You Down","Perception","NF",2017-10-06,212120,0,spotify:user:31ihueikmm6mapjr72mnieyswj24,2019-06-24T20:12:34Z,"hip hop,pop rap",0.659,0.716,5,-5.673,0,0.111,0.33,0,0.173,0.437,148.015,4
05KfyCEE6otdlT1pp2VIjP,"53XhwfbYqKCa1cC15pYq2q","Believer","Believer","Imagine Dragons",2017-01-31,203782,0,spotify:user:31ihueikmm6mapjr72mnieyswj24,2019-06-24T20:12:38Z,"modern rock,pop,rock",0.772,0.775,10,-4.388,0,0.112,0.0417,0,0.226,0.748,124.978,4
5uDASfU19gDxSjW8cnCaBp,"2hWs22BmQkK4czFtDLnar2,1rs3y69kDwkIdGJcOYngQt,36Tn5h23ysORlLKc42UXfe","Chill Bill (feat. J. Davi$ & Spooks)","Chill Bill (feat. J. Davi$ & Spooks)","Rob $tone,J. Davi$,J Spooks",2016-06-17,177184,77,spotify:user:31ihueikmm6mapjr72mnieyswj24,2019-06-24T20:13:15Z,"san diego rap,viral trap",0.886,0.427,6,-10.028,1,0.145,0.0312,0.00099,0.0906,0.23,108.034,4
5VnDkUNyX6u5Sk0yZiP8XB,"53XhwfbYqKCa1cC15pYq2q","Thunder","Evolve","Imagine Dragons",2017-06-23,187146,0,spotify:user:31ihueikmm6mapjr72mnieyswj24,2019-06-24T20:14:10Z,"modern rock,pop,rock",0.604,0.826,0,-4.804,1,0.0434,0.00782,0.15,0.154,0.241,167.985,4
4n7jnSxVLd8QioibtTDBDq,"7vk5e3vY1uw9plTHJAMwjN,74KM79TiuVKeVCqs8QtB0B,329e4yvIujISKGKz1BZZbO","On My Way","On My Way","Alan Walker,Sabrina Carpenter,Farruko",2019-03-21,193797,74,spotify:user:31ihueikmm6mapjr72mnieyswj24,2019-06-24T20:20:32Z,"electro house,pop,reggaeton,trap latino,urbano latino",0.509,0.689,1,-4.929,0,0.102,0.0209,0,0.301,0.297,170.087,4
1zi7xx7UVEFkmKfv06H8x0,"3TVXtAsR1Inumwj472S9r4,3tVQdUvClmAT7URs9V3rsp,77DAFfvm3O9zT5dIoG0eIO","One Dance","Views","Drake,Wizkid,Kyla",2016-05-06,173986,89,spotify:user:31ihueikmm6mapjr72mnieyswj24,2019-06-24T20:21:15Z,"canadian hip hop,canadian pop,hip hop,pop rap,rap,afrobeats,afropop,azonto,nigerian hip hop,nigerian pop,uk funky",0.792,0.625,1,-5.609,1,0.0536,0.00776,0.0018,0.329,0.37,103.967,4
2Gs9keAPrxeSxGQpBdQMns,"2w9zwq3AktTeYYMuhMjju8,6qwg1pVSlfXGev5cKGkD7V","Ruleta","Ruleta","INNA,Erik",2017-07-07,198267,0,spotify:user:31ihueikmm6mapjr72mnieyswj24,2019-06-24T20:23:18Z,"dance pop,romanian house,romanian pop",0.734,0.675,5,-5.611,0,0.249,0.741,0.0000393,0.117,0.817,102.153,4
6wmAHw1szh5RCKSRjiXhPe,"6VuMaDnrHyPL1p4EHjYLi7","How Long","Voicenotes","Charlie Puth",2018-05-11,200853,76,spotify:user:31ihueikmm6mapjr72mnieyswj24,2019-06-24T20:42:15Z,"pop,viral pop",0.845,0.561,1,-5.253,0,0.0778,0.211,0.00000349,0.0383,0.811,109.974,4
5WHTFyqSii0lmT9R21abT8,"1MIVXf74SZHmTIp4V4paH4","Don't Call Me Up","Ivy To Roses (Mixtape)","Mabel",2019-01-18,178480,75,spotify:user:31ihueikmm6mapjr72mnieyswj24,2019-06-24T20:48:52Z,"pop,uk pop",0.674,0.881,9,-2.853,1,0.147,0.296,0.00000301,0.0793,0.234,98.994,4
6JqpFboOH2bq9pzaYbkKBn,"0haZhu4fFKt0Ag94kZDiz2,5CCwRZC6euC8Odo6y9X8jr,7FNnA9vBm6EKceENgCGRMb","R.I.P. (feat. Rita Ora & Anitta)","R.I.P. (feat. Rita Ora & Anitta)","Sofía Reyes,Rita Ora,Anitta",2019-03-15,187200,58,spotify:user:31ihueikmm6mapjr72mnieyswj24,2019-06-24T20:49:33Z,"latin pop,latin viral pop,mexican pop,reggaeton,dance pop,pop,uk pop,funk pop,funk rj,pagode baiano,pop nacional",0.764,0.752,8,-3.713,0,0.0711,0.18,0,0.0701,0.698,100.066,4
7CUYHcu0RnbOnMz4RuN07w,"4V8Sr092TqfHkfAA5fXXqG,4VMYDCV2IEDYJArk749S6m","Despacito (Featuring Daddy Yankee)","Despacito (Featuring Daddy Yankee)","Luis Fonsi,Daddy Yankee",2017-01-13,228200,60,spotify:user:31ihueikmm6mapjr72mnieyswj24,2019-07-02T12:57:32Z,"latin pop,puerto rican pop,latin hip hop,reggaeton,trap latino,urbano latino",0.659,0.802,2,-4.79,1,0.148,0.208,0,0.123,0.863,177.936,4
3EfugazgSddQvzZpkof5I4,"1zNqDE7qDGCsyzJwohVaoX","Ciao Adios","Ciao Adios","Anne-Marie",2017-02-10,200104,55,spotify:user:31ihueikmm6mapjr72mnieyswj24,2019-07-02T12:58:03Z,"pop",0.698,0.882,4,-3.078,0,0.0863,0.127,0,0.15,0.445,106.083,4
06KyNuuMOX1ROXRhj787tj,"6VuMaDnrHyPL1p4EHjYLi7,0C8ZW7ezQVs4URX5aX7Kqx","We Don't Talk Anymore (feat. Selena Gomez)","Nine Track Mind","Charlie Puth,Selena Gomez",2016-01-29,217706,84,spotify:user:31ihueikmm6mapjr72mnieyswj24,2019-10-02T08:50:36Z,"pop,viral pop,post-teen pop",0.728,0.563,1,-8.053,0,0.134,0.621,0,0.179,0.352,100.017,4
5cF0dROlMOK5uNZtivgu50,"6VuMaDnrHyPL1p4EHjYLi7","Attention","Voicenotes","Charlie Puth",2018-05-11,208786,86,spotify:user:31ihueikmm6mapjr72mnieyswj24,2019-10-02T08:50:42Z,"pop,viral pop",0.775,0.613,3,-4.586,0,0.0542,0.109,0.0000233,0.134,0.797,100.066,4
4tjiEboaSPi79fQpv8w3Ne,"2w9zwq3AktTeYYMuhMjju8","Gimme Gimme","Gimme Gimme","INNA",2017-02-24,177308,0,spotify:user:31ihueikmm6mapjr72mnieyswj24,2019-10-02T08:50:49Z,"dance pop,romanian house,romanian pop",0.876,0.7,9,-6.231,1,0.254,0.479,0.0000096,0.0546,0.622,109.971,4
2ZAOEPkOeZTGsjGHWyCThc,"2w9zwq3AktTeYYMuhMjju8,1vyhD5VmyZ7KMfW5gqLgo5","Cola Song (feat. J Balvin)","Cola Song (feat. J Balvin)","INNA,J Balvin",2014-04-15,198245,62,spotify:user:31ihueikmm6mapjr72mnieyswj24,2019-10-02T08:50:55Z,"dance pop,romanian house,romanian pop,reggaeton,reggaeton colombiano,trap latino,urbano latino",0.793,0.896,7,-3.072,1,0.0417,0.0136,0.0000108,0.105,0.842,125.063,4
6u7jPi22kF8CTQ3rb9DHE7,"7jVv8c5Fj3E9VhNjxT4snq,60rpJ9SgigSd16DOAG7GSa","Old Town Road (feat. Billy Ray Cyrus) - Remix","Old Town Road","Lil Nas X,Billy Ray Cyrus",2019-04-05,157066,2,spotify:user:31ihueikmm6mapjr72mnieyswj24,2019-10-02T08:51:42Z,"lgbtq+ hip hop,country rock",0.878,0.619,6,-5.56,1,0.102,0.0533,0,0.113,0.639,136.041,4
0uUNN1nSoUx1A4fkDCWDQ7,"4npEfmQ6YuiwW1GpUmaq3F","So Am I","So Am I","Ava Max",2019-03-07,183026,1,spotify:user:31ihueikmm6mapjr72mnieyswj24,2019-10-02T08:52:19Z,"pop",0.682,0.656,6,-4.67,1,0.0435,0.0737,0,0.353,0.607,130.089,4
5iwz1NiezX7WWjnCgY5TH4,"4QVBYiagIaa6ZGSPMbybpy,329e4yvIujISKGKz1BZZbO","Calma - Remix","Calma (Remix)","Pedro Capó,Farruko",2018-10-05,238200,74,spotify:user:31ihueikmm6mapjr72mnieyswj24,2019-10-02T08:53:25Z,"latin pop,puerto rican pop,reggaeton,trap latino,urbano latino",0.826,0.773,11,-4.218,0,0.0524,0.323,0,0.143,0.761,126.899,4
5p1ex0pXv6jSPJ6QbumQpD,"0xRXCcSX89eobfrshSVdyu,2nm38smINjms1LtczR0Cei","Piece Of Your Heart","Piece Of Your Heart","MEDUZA,Goodboys",2019-02-01,152913,0,spotify:user:31ihueikmm6mapjr72mnieyswj24,2019-10-02T08:54:05Z,"edm,pop dance,pop house,uk dance",0.677,0.744,10,-6.806,0,0.0295,0.0404,0.00016,0.074,0.631,124.08,4
1wuV5d2yiKmXY5cfRUmWCX,"0TmLIfQje5MdX2ovu4yQKz,3q1xAVcUquRc7oCZYLLIvZ","Shadows","Shadows","Monoir,Brianna",2019-01-31,205399,0,spotify:user:31ihueikmm6mapjr72mnieyswj24,2019-10-02T08:54:38Z,"romanian pop",0.766,0.897,5,-2.95,1,0.224,0.0264,0,0.213,0.257,108.006,4
5a8RPWgKSmcGBGcffmIrUi,"5WUlDfRSoLAfcVSX1WnrxN,5fMUXHkw8R8eOP2RNVYEZX,2feDdbD5araYcm6JhFHHw7,6IZ4ctovY9dl7bgHClAvKJ","Thunderclouds","Thunderclouds","Sia,Diplo,Labrinth,LSD",2018-08-09,187026,0,spotify:user:31ihueikmm6mapjr72mnieyswj24,2019-10-02T08:55:16Z,"australian dance,australian pop,pop,dance pop,edm,electro house,moombahton,pop dance,indie poptimism",0.691,0.716,7,-5.985,1,0.0351,0.0085,0.00000906,0.263,0.507,112.035,4
4w8niZpiMy6qz1mntFA5uM,"540vIaP2JwjQb9dm3aArA4,0C8ZW7ezQVs4URX5aX7Kqx,1i8SpTcr7yvPOmcqrbnVXY,4kYSro6naA4h99UJvo89HB","Taki Taki (with Selena Gomez, Ozuna & Cardi B)","Taki Taki (with Selena Gomez, Ozuna & Cardi B)","DJ Snake,Selena Gomez,Ozuna,Cardi B",2018-09-28,212500,76,spotify:user:31ihueikmm6mapjr72mnieyswj24,2019-10-02T08:55:53Z,"dance pop,edm,electronic trap,pop,pop dance,post-teen pop,puerto rican pop,reggaeton,trap latino,urbano latino,rap",0.842,0.801,8,-4.167,0,0.228,0.157,0.00000482,0.0642,0.617,95.881,4
6kPJZM97LwdG9QIsT7khp6,"6MDME20pz9RveH9rEXvrOM,6S2OmqARrzebs0tKUEyXyp","Solo (feat. Demi Lovato)","Solo (feat. Demi Lovato)","Clean Bandit,Demi Lovato",2018-05-17,222653,71,spotify:user:31ihueikmm6mapjr72mnieyswj24,2019-10-02T09:02:59Z,"pop,uk dance,uk funky,post-teen pop",0.737,0.636,11,-4.546,0,0.0437,0.0441,0.0000666,0.35,0.565,105.005,4
4zIO3ilp5HvTeK3HJHxhMP,"53XhwfbYqKCa1cC15pYq2q","Natural","Natural","Imagine Dragons",2018-07-17,189466,0,spotify:user:31ihueikmm6mapjr72mnieyswj24,2019-10-02T09:04:29Z,"modern rock,pop,rock",0.448,0.612,2,-6.106,1,0.0708,0.216,0,0.08,0.213,97.773,4
7IjlhIU09N89DOCIjDnuIq,"4ON1ruy5ijE7ZPQthbrkgI,4SLEmV2rAQ71Ts0qyDGhE8","My Life Is Going On - Burak Yeter Remix","My Life Is Going On (Burak Yeter Remix)","Burak Yeter,Cecilia Krull",2018-07-06,226278,0,spotify:user:31ihueikmm6mapjr72mnieyswj24,2019-10-02T09:04:46Z,"electro house,spanish pop",0.836,0.769,11,-5.15,0,0.0578,0.0152,0.0709,0.0865,0.576,100.012,4
7LzouaWGFCy4tkXDOOnEyM,"4nDoRrQiYLoBzwC5BhVJzF","Liar","Liar","Camila Cabello",2019-09-04,207038,61,spotify:user:31ihueikmm6mapjr72mnieyswj24,2019-10-11T20:37:01Z,"dance pop,pop",0.74,0.498,11,-6.684,0,0.0456,0.0169,0.00282,0.319,0.652,98.016,4
4Yo1ZTT9D7gUqyzgpVKkhQ,"2jnIB6XdLvnJUeNTy5A0J2,3JhNCzhSMTxs9WLGJJxWOY","I Don't Belong In This Club","I Don't Belong In This Club","Why Don't We,Macklemore",2019-03-20,222620,55,spotify:user:31ihueikmm6mapjr72mnieyswj24,2019-10-22T11:06:43Z,"boy band,pop,pop rap,seattle hip hop",0.797,0.543,11,-5.744,1,0.0439,0.0202,0,0.0726,0.164,115.036,4
08bNPGLD8AhKpnnERrAc6G,"64KEffDW9EtZ1y2vBYgq8T,1zNqDE7qDGCsyzJwohVaoX","FRIENDS","FRIENDS","Marshmello,Anne-Marie",2018-02-09,202620,79,spotify:user:31ihueikmm6mapjr72mnieyswj24,2019-10-22T11:07:06Z,"brostep,edm,pop,progressive electro house",0.626,0.88,9,-2.384,0,0.0504,0.205,0,0.128,0.534,95.079,4
7jEyX4bqaCSdMN4D4JNnVj,"1HBjj22wzbscIZ9sEb5dyf,5exS0bytCYdixgv02DaCm3","Mama","Blue","Jonas Blue,William Singe",2018-11-09,184133,75,spotify:user:31ihueikmm6mapjr72mnieyswj24,2019-10-22T11:09:07Z,"pop,pop dance,tropical house,uk dance,pop r&b",0.738,0.794,11,-4.118,0,0.0416,0.101,0,0.0533,0.566,104.014,4
0YammaEkYSeo9vQYZ1OwS6,"1Cs0zKBU1kc0i8ypK3B9ai,64M6ah0SkkRsnPGtGiRAbb,1vyhD5VmyZ7KMfW5gqLgo5","Say My Name","7","David Guetta,Bebe Rexha,J Balvin",2018-09-14,198946,71,spotify:user:31ihueikmm6mapjr72mnieyswj24,2019-10-22T11:09:18Z,"big room,dance pop,edm,pop,pop dance,reggaeton,reggaeton colombiano,trap latino,urbano latino",0.703,0.66,10,-5.119,0,0.123,0.137,0,0.192,0.79,95.031,4
0J6sITdD8JMUBKaadJLV1U,"4LcUpNlXFEleaLlelmkv2R,5yDkaiPTFbHGWCMXAEBt5Q,7iBY1RLWDV5zX9NDNQxurm","Moment","Moment","Kris Kross Amsterdam,Kraantje Pappie,Tabitha",2019-05-16,181494,52,spotify:user:31ihueikmm6mapjr72mnieyswj24,2019-10-22T12:07:23Z,"dutch house,dutch pop,dutch hip hop,dutch rap pop",0.671,0.874,7,-4.865,0,0.0637,0.329,0,0.21,0.754,100.032,4
1WSGTYKLEpKfNQYYW5Oymt,"5CiGnKThu5ctn9pBxv7DGa,0C8ZW7ezQVs4URX5aX7Kqx,1vyhD5VmyZ7KMfW5gqLgo5,0GM7qgcRCORpGnfcN2tCiB","I Can’t Get Enough (benny blanco, Selena Gomez, J Balvin, Tainy)","I Can’t Get Enough (benny blanco, Selena Gomez, J Balvin, Tainy)","benny blanco,Selena Gomez,J Balvin,Tainy",2019-02-28,158027,64,spotify:user:31ihueikmm6mapjr72mnieyswj24,2019-10-22T12:07:54Z,"pop,post-teen pop,reggaeton,reggaeton colombiano,trap latino,urbano latino,pop reggaeton",0.541,0.468,10,-4.039,0,0.362,0.404,0.00000365,0.358,0.69,95.266,4
4vUmTMuQqjdnvlZmAH61Qk,"6eUKZXaKkcviH0Ku9w2n3V,4nDoRrQiYLoBzwC5BhVJzF,4kYSro6naA4h99UJvo89HB","South of the Border (feat. Camila Cabello & Cardi B)","No.6 Collaborations Project","Ed Sheeran,Camila Cabello,Cardi B",2019-07-12,204466,75,spotify:user:31ihueikmm6mapjr72mnieyswj24,2019-10-22T12:08:12Z,"pop,singer-songwriter pop,uk pop,dance pop,rap",0.857,0.621,9,-6.376,0,0.0825,0.148,0,0.0865,0.668,97.989,4
2WyRfGeHo97VC5mP1BBSzr,"5YGY8feqx7naU7z4HrwZM6","Mother's Daughter","SHE IS COMING","Miley Cyrus",2019-05-31,219080,1,spotify:user:31ihueikmm6mapjr72mnieyswj24,2019-10-22T12:08:20Z,"pop",0.681,0.865,1,-4.132,0,0.0594,0.00464,0.00169,0.149,0.528,91.017,4
507tQXutCPYNFkpOq8tmKF,"1Xylc3o4UrD53lo9CvFvVg","Don't Worry Bout Me","Don't Worry Bout Me","Zara Larsson",2019-03-28,208811,53,spotify:user:31ihueikmm6mapjr72mnieyswj24,2019-10-22T12:08:44Z,"pop,scandipop,swedish electropop,swedish pop",0.752,0.706,5,-6.274,1,0.0636,0.0797,0.000752,0.129,0.33,125.041,4
6GIRtKNXokeu25nn7U6Hu8,"5Rl15oVamLq7FbSb0NNBNy,5iNrZmtVMtYev5M9yoWpEq","Easier - Seeb Remix","Easier (Seeb Remix)","5 Seconds of Summer,Seeb",2019-07-12,165767,55,spotify:user:31ihueikmm6mapjr72mnieyswj24,2019-10-22T12:08:57Z,"boy band,pop,pop dance",0.564,0.747,5,-3.374,1,0.0584,0.0728,0,0.151,0.717,97.878,4
14sOS5L36385FJ3OL8hew4,"23fqKkggKUBHNkbKtXEls4,5JYo7gm2dkyLLlWHjxS7Dy","Happy Now","Happy Now","Kygo,Sandro Cavazza",2018-10-26,211362,68,spotify:user:31ihueikmm6mapjr72mnieyswj24,2019-10-22T12:09:08Z,"edm,pop,pop dance,tropical house,swedish pop",0.693,0.575,9,-6.998,1,0.0801,0.374,0,0.252,0.492,117.999,4
6jreFSOTUAViWjKyzOC4Kg,"4AVFqumd2ogHFlRbKIjp1t","REMEDY","REMEDY","Alesso",2018-08-31,190295,65,spotify:user:31ihueikmm6mapjr72mnieyswj24,2019-10-22T12:09:58Z,"dance pop,edm,pop,pop dance,progressive electro house",0.601,0.775,0,-4.612,1,0.0473,0.269,0,0.0883,0.483,119.964,4
2qxmye6gAegTMjLKEBoR3d,"5IH6FPUwQTxPSXurCrcIov","Let Me Down Slowly","Narrated For You","Alec Benjamin",2018-11-16,169353,88,spotify:user:31ihueikmm6mapjr72mnieyswj24,2019-10-22T12:10:09Z,"alt z,pop,pov: indie",0.652,0.557,1,-5.714,0,0.0318,0.74,0,0.124,0.483,150.073,4
0mjAU3yKR1QnXnHtjGJqTM,"5Pwc4xIPtQLFEnJriah9YJ","Rescue Me","Rescue Me","OneRepublic",2019-05-17,158899,68,spotify:user:31ihueikmm6mapjr72mnieyswj24,2019-10-22T12:10:15Z,"piano rock,pop",0.759,0.605,7,-7.737,1,0.0433,0.156,0,0.694,0.64,121.049,4
43wzy7JxMEfvCh8ZFeZKYk,"4Rxn7Im3LGfyRkY2FlHhWi,3t5xRXzsuZmMDkQzgOX35S","Right Now","Right Now","Nick Jonas,Robin Schulz",2018-08-24,201680,59,spotify:user:31ihueikmm6mapjr72mnieyswj24,2019-10-22T12:10:58Z,"dance pop,pop,deep euro house,deep house,edm,german dance,pop dance,tropical house",0.597,0.751,6,-4.982,0,0.193,0.0104,0,0.0912,0.568,103.956,4
5RgBnDtHKFHgtVdqabjGE3,"4Q6nIcaBED8qUel8bBx6Cr,64M6ah0SkkRsnPGtGiRAbb","Harder (with Bebe Rexha)","Snacks","Jax Jones,Bebe Rexha",2019-07-12,159760,55,spotify:user:31ihueikmm6mapjr72mnieyswj24,2019-10-22T12:11:10Z,"dance pop,edm,house,pop dance,uk dance,uk pop,pop",0.906,0.833,5,-3.027,0,0.0729,0.0899,0,0.154,0.752,104.017,4
7qZOnik9K8Mv987ccBjwwj,"3IpvVrP3VLhruTmnququq7,0RViEWnZO2VhmY4oI0PhF9","Wait Another Day","Wait Another Day","Mike Williams,Mesto",2018-12-07,179217,58,spotify:user:31ihueikmm6mapjr72mnieyswj24,2019-10-22T12:17:12Z,"big room,dutch house,edm,electro house,future house,pop dance,progressive electro house,dutch edm,pop edm",0.727,0.912,8,-3.594,0,0.0377,0.0272,0.000443,0.118,0.671,126.023,4
5KPKjcE2trO2hBWRzkb2Mo,"3e7awlrlDSwF3iM0WBjGMp","Bounce Back","Bounce Back","Little Mix",2019-06-14,160551,0,spotify:user:31ihueikmm6mapjr72mnieyswj24,2019-10-22T12:18:03Z,"girl group,pop,talent show,uk pop",0.781,0.854,10,-4.115,0,0.074,0.0263,0.000216,0.344,0.41,103.021,4
0p69dyBYR52G94IufqEfMr,"0TmLIfQje5MdX2ovu4yQKz,3q1xAVcUquRc7oCZYLLIvZ","Shadows","Shadows","Monoir,Brianna",2019-03-22,205399,7,spotify:user:31ihueikmm6mapjr72mnieyswj24,2019-10-22T12:42:07Z,"romanian pop",0.766,0.897,5,-2.95,1,0.224,0.0264,0,0.213,0.257,108.006,4
7xhvCzIguRfyfQyGrnWuVn,"6TXM1kV4L8DsDAkAfbOPYk,5LHRHt1k9lMyONurDHEdrp","Low Key (feat. Tyga)","Low Key (feat. Tyga)","Ally Brooke,Tyga",2019-01-31,201385,49,spotify:user:31ihueikmm6mapjr72mnieyswj24,2019-10-22T12:42:10Z,"post-teen pop,hip hop,pop rap,rap,trap",0.79,0.546,6,-5.553,0,0.0383,0.369,0.00000255,0.128,0.748,109.014,4
6cOm9V2J4ybgsqUDrLaqn6,"2jnIB6XdLvnJUeNTy5A0J2","Come to Brazil","Come to Brazil","Why Don't We",2019-06-28,139211,53,spotify:user:31ihueikmm6mapjr72mnieyswj24,2019-10-22T13:02:36Z,"boy band,pop",0.546,0.572,4,-5.187,0,0.108,0.32,0,0.208,0.42,99.631,4
7IOuCLt770D8v0u3SVaDeI,"3e7awlrlDSwF3iM0WBjGMp","Wasabi","LM5 (Deluxe)","Little Mix",2018-11-16,154786,65,spotify:user:31ihueikmm6mapjr72mnieyswj24,2019-10-22T13:03:49Z,"girl group,pop,talent show,uk pop",0.847,0.656,2,-4.976,1,0.115,0.00451,0.000854,0.143,0.234,114.001,4
3WDIhWoRWVcaHdRwMEHkkS,"6MDME20pz9RveH9rEXvrOM,0X2BH1fck6amBIoJhDVmmJ","Mama (feat. Ellie Goulding)","What Is Love? (Deluxe Edition)","Clean Bandit,Ellie Goulding",2018-11-30,189973,55,spotify:user:31ihueikmm6mapjr72mnieyswj24,2019-10-23T13:02:39Z,"pop,uk dance,uk funky,indietronica,metropopolis,uk pop",0.737,0.714,1,-6.138,0,0.0367,0.225,0.00000379,0.267,0.608,102.046,4
51Fjme0JiitpyXKuyQiCDo,"6USMTwO0MNDnKte5a5h0xx,41X1TR6hrK8Q2ZCpp2EqCz","Lalala","Lalala","Y2K,bbno$",2019-06-28,160626,74,spotify:user:31ihueikmm6mapjr72mnieyswj24,2019-11-14T09:44:40Z,"pop rap,viral rap,canadian hip hop,dark trap,meme rap",0.843,0.39,2,-7.899,1,0.0846,0.178,0,0.137,0.495,129.972,4
5WAxwhVr5kfjEvOYDI08SU,"6tnqzaOroG2OtBaSfVJbEw","CRY - English Version","CRY (English Version)","KAZKA",2018-12-28,224395,41,spotify:user:31ihueikmm6mapjr72mnieyswj24,2019-11-14T09:47:52Z,"russian pop,ukrainian pop",0.785,0.767,5,-4.783,0,0.0403,0.181,0,0.0421,0.618,104.02,4
1BFLQYT9DCh6GPn4GojRWE,"6tnqzaOroG2OtBaSfVJbEw","ПЛАКАЛА","KARMA","KAZKA",2018-04-27,224982,53,spotify:user:31ihueikmm6mapjr72mnieyswj24,2019-11-14T09:48:13Z,"russian pop,ukrainian pop",0.793,0.804,0,-4.386,0,0.0361,0.176,0,0.0403,0.603,104.016,4
421leiR6jKlH5KDdwLYrOs,"2NjfBq1NflQcKSeiDooVjY","Dance Monkey","Dance Monkey","Tones And I",2019-05-10,209754,0,spotify:user:31ihueikmm6mapjr72mnieyswj24,2019-11-14T09:48:39Z,"australian pop",0.824,0.592,6,-6.4,0,0.0969,0.693,0.000158,0.178,0.54,98.074,4
6AR289urelEaw30CPwcUyI,"1WZLagiBdNltn918sr8kkw","Play","Play","Betta Lemme",2019-04-26,196626,35,spotify:user:31ihueikmm6mapjr72mnieyswj24,2019-11-14T09:49:00Z,"canadian electropop",0.818,0.81,10,-6.603,0,0.134,0.153,0.000432,0.288,0.495,127,4
2uaiyLKnYvazyfR0Ky3Kbk,"5IH6FPUwQTxPSXurCrcIov","Let Me Down Slowly","Let Me Down Slowly","Alec Benjamin",2018-05-25,169180,0,spotify:user:31ihueikmm6mapjr72mnieyswj24,2019-11-14T09:52:38Z,"alt z,pop,pov: indie",0.649,0.548,1,-5.692,0,0.0318,0.733,0,0.136,0.506,150.036,4
2QpUWi6VSNOt2WyH5FIeLD,"7IlRNXHjoOCgEAWN5qYksg","Pookie","NAKAMURA","Aya Nakamura",2018-11-02,180840,63,spotify:user:31ihueikmm6mapjr72mnieyswj24,2019-11-15T19:42:29Z,"basshall,pop urbaine,r&b francais",0.912,0.598,6,-7.718,0,0.0877,0.0718,0.00000112,0.0892,0.533,98.006,4
5p7ujcrUXASCNwRaWNHR1C,"26VFTg2z8YR0cCuwLzESi2","Without Me","Without Me","Halsey",2018-10-04,201660,75,spotify:user:31ihueikmm6mapjr72mnieyswj24,2020-01-19T22:24:04Z,"electropop,etherpop,indie poptimism,pop",0.752,0.488,6,-7.05,1,0.0705,0.297,0.00000911,0.0936,0.533,136.041,4
5WvAo7DNuPRmk4APhdPzi8,"0QHgL1lAIqAw0HtD7YldmP,1uNFoZAHBGtllmzznpCI3s,0VRj0yCOv2FXJNP47XQnx5,1anyVhU62p31KFi8MEzkbf","No Brainer","No Brainer","DJ Khaled,Justin Bieber,Quavo,Chance the Rapper",2018-07-27,260000,65,spotify:user:31ihueikmm6mapjr72mnieyswj24,2020-01-20T00:03:54Z,"hip hop,miami hip hop,pop rap,rap,canadian pop,pop,atl hip hop,melodic rap,trap,chicago rap,conscious hip hop",0.552,0.76,0,-4.706,1,0.342,0.0733,0,0.0865,0.639,135.702,5
3A7qX2QjDlPnazUsRk5y0M,"1Cs0zKBU1kc0i8ypK3B9ai,1uNFoZAHBGtllmzznpCI3s","2U (feat. Justin Bieber)","2U (feat. Justin Bieber)","David Guetta,Justin Bieber",2017-06-09,194896,67,spotify:user:31ihueikmm6mapjr72mnieyswj24,2020-01-24T22:17:46Z,"big room,dance pop,edm,pop,pop dance,canadian pop",0.548,0.65,8,-5.827,0,0.0591,0.219,0,0.225,0.557,144.937,4
1x5sYLZiu9r5E43kMlt9f8,"6MDME20pz9RveH9rEXvrOM,1Xylc3o4UrD53lo9CvFvVg","Symphony (feat. Zara Larsson)","Symphony (feat. Zara Larsson)","Clean Bandit,Zara Larsson",2017-03-16,212459,75,spotify:user:31ihueikmm6mapjr72mnieyswj24,2020-01-29T20:52:41Z,"pop,uk dance,uk funky,scandipop,swedish electropop,swedish pop",0.707,0.629,0,-4.581,0,0.0563,0.259,0.000016,0.138,0.457,122.863,4
49COPp81lGS9Hl9OwKlsKl,"1HBjj22wzbscIZ9sEb5dyf,5pUo3fmmHT8bhCyHE52hA6,1cZQSpDsxgKIX2yW5OR9Ot","Polaroid","Blue","Jonas Blue,Liam Payne,Lennon Stella",2018-11-09,193377,65,spotify:user:31ihueikmm6mapjr72mnieyswj24,2020-02-22T22:41:05Z,"pop,pop dance,tropical house,uk dance,alt z,canadian pop,uk pop",0.652,0.898,7,-4.481,0,0.0361,0.29,0,0.073,0.472,114.043,4
3zoYkqS4y2BsGVShPL2nTE,"0eecdvMrqBftK0M1VKhaF4,3e7awlrlDSwF3iM0WBjGMp","Reggaetón Lento (Remix)","Reggaetón Lento (Remix)","CNCO,Little Mix",2017-08-18,188797,0,spotify:user:31ihueikmm6mapjr72mnieyswj24,2020-04-03T23:19:43Z,"boy band,latin pop,reggaeton,urbano latino,girl group,pop,talent show,uk pop",0.527,0.907,4,-3.09,0,0.11,0.154,0,0.0993,0.664,93.813,4
7eJMfftS33KTjuF7lTsMCx,"6bmlMHgSheBauioMgKv2tn,35l9BRT7MXmM8bv2WDQiyB","death bed (coffee for your head)","death bed (coffee for your head)","Powfu,beabadoobee",2020-02-08,173333,82,spotify:user:31ihueikmm6mapjr72mnieyswj24,2020-04-09T19:54:52Z,"sad lo-fi,sad rap,bedroom pop,bubblegrunge,indie pop,pov: indie",0.726,0.431,8,-8.765,0,0.135,0.731,0,0.696,0.348,144.026,4
7szuecWAPwGoV1e5vGu8tl,"1Xyo4u8uXC1ZmMpatF05PJ","In Your Eyes","After Hours","The Weeknd",2020-03-20,237520,79,spotify:user:31ihueikmm6mapjr72mnieyswj24,2020-04-11T22:11:15Z,"canadian contemporary r&b,canadian pop,pop",0.667,0.719,7,-5.371,0,0.0346,0.00285,0.000081,0.0736,0.717,100.021,4
0tgVpDi06FyKpA1z0VMD4v,"6eUKZXaKkcviH0Ku9w2n3V","Perfect","÷ (Deluxe)","Ed Sheeran",2017-03-03,263400,89,spotify:user:31ihueikmm6mapjr72mnieyswj24,2020-04-19T21:35:11Z,"pop,singer-songwriter pop,uk pop",0.599,0.448,8,-6.312,1,0.0232,0.163,0,0.106,0.168,95.05,3
0VjIjW4GlUZAMYd2vXMi3b,"1Xyo4u8uXC1ZmMpatF05PJ","Blinding Lights","After Hours","The Weeknd",2020-03-20,200040,92,spotify:user:31ihueikmm6mapjr72mnieyswj24,2020-04-19T21:35:39Z,"canadian contemporary r&b,canadian pop,pop",0.514,0.73,1,-5.934,1,0.0598,0.00146,0.0000954,0.0897,0.334,171.005,4
24Yi9hE78yPEbZ4kxyoXAI,"0H39MdGGX6dbnnQPt6NQkZ,5rGrDvrLOV2VV8SCFVGWlj","Roses - Imanbek Remix","Roses (Imanbek Remix)","SAINt JHN,Imanbek",2019-10-09,176840,80,spotify:user:31ihueikmm6mapjr72mnieyswj24,2020-04-19T21:35:53Z,"melodic rap,slap house,electro house,pop dance",0.77,0.724,8,-5.484,1,0.0495,0.0167,0.0107,0.353,0.898,121.975,4
3PfIrDoz19wz7qK7tYeu62,"6M2wZ9GZgrQXHCFfjv46we","Don't Start Now","Future Nostalgia","Dua Lipa",2020-03-27,183290,84,spotify:user:31ihueikmm6mapjr72mnieyswj24,2020-04-19T21:36:04Z,"dance pop,pop,uk pop",0.793,0.793,11,-4.521,0,0.083,0.0123,0,0.0951,0.679,123.95,4
22LAwLoDA5b4AaGSkg6bKW,"5zctI4wO9XSKS8XwcnqEHk","Blueberry Faygo","Certified Hitmaker","Lil Mosey",2020-02-06,162546,76,spotify:user:31ihueikmm6mapjr72mnieyswj24,2020-04-19T21:36:19Z,"melodic rap,rap conscient",0.774,0.554,0,-7.909,1,0.0383,0.207,0,0.132,0.349,99.034,4
3Dv1eDb0MEgF93GpLXlucZ,"5cj0lLjcoR7YOSnhnX0Po5","Say So","Hot Pink","Doja Cat",2019-11-07,237893,78,spotify:user:31ihueikmm6mapjr72mnieyswj24,2020-04-19T21:36:24Z,"dance pop,pop",0.787,0.673,11,-4.583,0,0.159,0.264,0.00000335,0.0904,0.779,110.962,4
017PF4Q3l4DBUiWoXk4OWT,"6M2wZ9GZgrQXHCFfjv46we","Break My Heart","Future Nostalgia","Dua Lipa",2020-03-27,221820,78,spotify:user:31ihueikmm6mapjr72mnieyswj24,2020-04-19T21:36:39Z,"dance pop,pop,uk pop",0.73,0.729,4,-3.434,0,0.0884,0.167,0.00000139,0.349,0.467,113.011,4
4umIPjkehX1r7uhmGvXiSV,"1uNFoZAHBGtllmzznpCI3s,0VRj0yCOv2FXJNP47XQnx5","Intentions (feat. Quavo)","Changes","Justin Bieber,Quavo",2020-02-14,212866,76,spotify:user:31ihueikmm6mapjr72mnieyswj24,2020-04-19T21:36:45Z,"canadian pop,pop,atl hip hop,melodic rap,rap,trap",0.806,0.546,9,-6.637,1,0.0575,0.3,0,0.102,0.874,147.986,4
1Cv1YLb4q0RzL6pybtaMLo,"4ETSs924pXMzjIeD6E9b4u","Sunday Best","Where the Light Is","Surfaces",2019-01-06,158571,51,spotify:user:31ihueikmm6mapjr72mnieyswj24,2020-04-19T21:37:11Z,"bedroom soul",0.878,0.525,5,-6.832,1,0.0578,0.183,0,0.0714,0.694,112.022,4
